UID,product name
ID_1,Hellmann's Light Mayonnaise Squeezy 650Ml
ID_2,Express Tesco Egg Custard Tart 2 Pack
ID_3,Tesco Loose Red Peppers(C)
ID_4,Tesco Sweetheart Cabbage (C)
ID_5,Tesco Carrot 500G (C)
ID_6,Tesco British Chicken Breast Mini Fillets 400G
ID_7,Tesco Brown Onion Each (C)
ID_8,Tesco Finest Wholemeal Loaf 800G
ID_9,Tesco Sweet Chilli Houmous 182G
ID_10,Tesco Red Kidney Beans In Water 400G
ID_11,Tesco Conference Pear Minimum 4 Pack
ID_12,Tesco Salad Tomatoes 360G (C)
ID_13,Tesco Cream Of Tomato Soup 400G
ID_14,Tesco Chickpeas In Water 400G
ID_15,Tesco Closed Cup Mushrooms 300G (C)
ID_16,Tesco Taramasalata 200G (C)
ID_17,Tesco Garlic Twin Pack (C)
ID_18,Tesco Maris Piper Potatoes 2Kg
ID_19,Tesco Italian Peeled Plum Tomatoes 400G
ID_20,Yorkie Raisin & Biscuit Chocolate Bar 44g
ID_21,San Pellegrino Sparkling Natural Mineral Water 500ml
ID_22,Tesco Plant Chef Roasted Vegetable & Pesto Wrap
ID_23,Limes Each
ID_24,Tesco Extra Mature Cheddar Cheese 400G
ID_25,Tesco Fresh Soured Cream 142Ml
ID_26,Tesco Plant Chef Hoisin Wrap
ID_27,Walkers Baked Cheese & Onion Grab Bag Crisps 37.5g
ID_28,Tesco Cinnamon Swirl
ID_29,Tesco Finest Garlic & Extra Virgin Olive Oil Flatbread 200G
ID_30,Pizza Express Slsc Sloppy Giuseppe 292G
ID_31,Tesco Finest Buffalo Mozzarella & Tomato Pizza 420G
ID_32,Tesco Wholemeal Pitta Bread 6 Pack
ID_33,Tesco Iceberg Lettuce Each (C)
ID_34,Tesco Red Onions Each (C)
ID_35,Tesco Spinach 250G
ID_36,"Tesco British Semi Skimmed Milk 2.272L, 4 Pints"
ID_37,Tesco Cooked Beetroot Vacuum Pack 300G (C)
ID_38,Tesco Ground Black Pepper 25G
ID_39,Tesco Sweet Easy Peeler 600G (C)
ID_40,Tesco Conference Each (C)
ID_41,Tesco Mini Watermelon
ID_42,Ambrosia Devon Custard 400G Can
ID_43,Tesco Greek Style Yogurt 500G
ID_44,Warburtons Sliced Tiger Bread 600G
ID_45,Cucumber Whole Each (C)
ID_46,Tesco Caramelised Onion Houmous 200G (C)
ID_47,Tesco Mint 15G (C)
ID_48,Tesco 12 Indian Selection 320G
ID_49,Banana Each (C)
ID_50,Mint Birthday Card Ha Pea Birthday
ID_51,Condesa De Flores Cava Brut 75Cl
ID_52,Tesco Ripe & Ready Avocado
ID_53,Tesco Baby Plum Tomatoes 300G
ID_54,Tesco Egg Custard Tarts 2 Pack
ID_55,Tesco Frozen Small Turkey Crown 1.5Kg
ID_56,Tesco Ripen At Home Avocados 3Pack
ID_57,Tesco Free Range Eggs Mixed Sized 6 Pack
ID_58,Tesco Multiseed Batch 800G
ID_59,Tesco Cantaloupe Melon Each
ID_60,Eat Natural Fruit & Nut Bar Dark Chocolate with Cranberries and Macadamias 45g
ID_61,Yo! Rainbow Salmon Poke 283G
ID_62,Tesco Brussels Sprouts 300g
ID_63,Tesco Healthy Living Chicken Breast Fillets 2 Pack 300G
ID_64,Tesco Finest Sweet & Fiery Beetroot 180G
ID_65,Tesco Sussex Little Gem Lettuce 2 Pack
ID_66,Tesco Perfectly Ripe Gold Kiwi 4 Pack
ID_67,Tesco Nightingale Farm Peppers
ID_68,Tesco Aubergine Each 250G (C)
ID_69,Clementines 600G (C)
ID_70,Tesco Tomatoes On The Vine 500G
ID_71,Tesco.Reduced Fat Houmous 200G (C)
ID_72,Naked Ruby Machine Super Smoothie 300Ml
ID_73,Tesco Yule Hog Wrap
ID_74,Tesco Egg Protein Pot 90G
ID_75,Tesco Broccoli 375G
ID_76,Tesco English Salted Block Butter 250G
ID_77,Tesco Braeburn Apples Minimum 5 Pack
ID_78,Tesco Little Gem 2 Pack (C)
ID_79,Tesco Express Green Beans 220G
ID_80,Tesco Celery Sticks 250G
ID_81,Tesco Leeks 320G
ID_82,Tesco 4 Baking Potatoes
ID_83,Newcastle Brown Ale Bottle 550ml
ID_84,Tesco Low Calorie American Ginger Ale 1 Litre
ID_85,Mr Kipling 6 Snowflake Mince Pies
ID_86,Ribena Blackcurrant Bottle 500 M
ID_87,Tesco Mango Chunks 120G
ID_88,Tesco Chicken Salad Sandwich
ID_89,Tesco Lean Pork Mince 5% Fat 500G
ID_90,Tesco French Fries 1.5Kg
ID_91,Heinz Tomato Ketchup Less Salt & Sugar 665G
ID_92,Tesco Red Onion Chutney 295G
ID_93,Warburtons White Bistro Brioche Bun 4 Pack
ID_94,Chicago Town Deep Dish Four Cheese Pizzas 2 X 148G
ID_95,Ribena Blackcurrant 850Ml
ID_96,McCain Potato Smiles 454G
ID_97,Tesco 4 British Turkey Burgers 454G
ID_98,Tesco Plant Chef Caramelised Onion Meat Free Bangers 350G
ID_99,Tesco Universal Bag For Life
ID_100,Bailey's Original Irish Cream Liqueur Bottle 17% Vol 1L
ID_101,Tesco Ready To Eat Roast British Chicken Drumsticks 430G
ID_102,Tesco 2 Sweet Chilli & Lime Infused Salmon 230G
ID_103,Tesco British Lamb Boneless Rolled Breast Joint
ID_104,Tesco Raw Scallops 150G
ID_105,Tesco Coronation Chicken Sandwich Filler 423g
ID_106,Tesco Pork Fillet
ID_107,T.Semidried Tom & Mozzrella Balls 160G
ID_108,PrÃ©sident French Brie Cheese 200g
ID_109,Tesco 6 Prosciutto Crudo Slices 84G
ID_110,Tesco White Baguette 400G
ID_111,Tesco Ready To Eat Large Avocados Each (C)
ID_112,Tesco Ready To Eat Sliced Roast Chicken Breast 180G
ID_113,Tesco Sweet Chilli Chicken Wrap
ID_114,Tesco 4 Tex Mex Dips 428G
ID_115,Tesco Plant Chef Spiced Butternut Squash & Chestnut Wrap
ID_116,Coca-Cola Zero Sugar 500ml
ID_117,Mccoy's Cheddar & Onion Grab Bag Crisps 45G
ID_118,Tesco Brie & Cranberry Sandwich
ID_119,Tesco Small Melton Mowbray Pork Pie 145G
ID_120,Tesco Scotch Rolls 4 Pack
ID_121,Tesco Classic Round Tomatoes 6 Pack
ID_122,Tesco Sussex Iceberg Lettuce Each
ID_123,Tesco Large Baking Potatoes Loose
ID_124,Tesco Irish Healthy Living Steak Mince 388G
ID_125,Tesco Crinkle Cut Gherkins 340G
ID_126,Fulfil Chocolate Salted Caramel Vitamin & Protein Bar 40G
ID_127,Tesco Lean Diced Beef 400G
ID_128,Tesco Dudhi Each
ID_129,Tesco Courgettes (C)
ID_130,Tesco Katsu Chicken & Hoisin Duck Sushi 134G
ID_131,Tesco Salmon & Tuna Sushi 136G
ID_132,Tesco Salmon With Sriracha Mayonnaise & Onions 143G
ID_133,Tesco British Brie 160G
ID_134,Tesco Peppery Babyleaf Rocket Salad 90G (C)
ID_135,Tesco Party Salad 455G
ID_136,Tesco Peppered Smoked Mackerel Fillets
ID_137,Tesco Plant Chef Falafel & Houmous 85G
ID_138,Tesco Finest Basil Pesto 130G
ID_139,Tesco Wafer Thin Honey Roast Ham 400G
ID_140,Soreen Malt Loaf 2 Slices 45G
ID_141,Quorn Vegan Pepperoni Slices 100G
ID_142,Tesco Finest Truffle & Pecorino Mayonnaise Dip 100G
ID_143,Tesco Tiger Baguette 400G
ID_144,Nature Valley Crunchy Canadian Maple Syrup 42g
ID_145,Tesco All Butter Chocolate Twist
ID_146,Tesco Corn On The Cob Twinpack (C)
ID_147,Tesco Tenderstem Broccoli 200G
ID_148,Tesco Pink Lady Apple Min 6 Pack (C)
ID_149,"Tesco British Whole Milk 1.13L, 2 Pints"
ID_150,Tesco Continental Meat Platter 120G
ID_151,T.B/L Salmon Fillets 220G
ID_152,Tesco Mixed Sized Organic Eggs 6 Pack
ID_153,Tesco Wholemeal Medium Bread 800G
ID_154,Tesco 16 Seafood Sticks 250G
ID_155,Yo! Spicy Prawn Dragon Roll 203G
ID_156,Tesco Maple And Pecan Plait
ID_157,Pride Lemon Juice 250Ml
ID_158,Tesco British Extra Mature Grated Cheddar Cheese 250 G
ID_159,Tesco Lightly Salted Tortilla Chips 200G
ID_160,Istanbul Jalapeno Pepper Slices 680G
ID_161,Tesco Grated Mozzarella 250G
ID_162,Tesco Sun Dried Tomatoes 285G
ID_163,Doritos Cool Original 245G
ID_164,Heinz Baked Beans In Tomato Sauce 4X415g
ID_165,Tesco Brown Onions 485G
ID_166,Tesco Granny Smith Apple 6 Pack (C)
ID_167,Blue Dragon Sweet Chilli Dipping Sauce 190Ml
ID_168,Tesco Scottish Mountain Spring Water 5 Litre
ID_169,Tesco Fajita Chicken Wrap Limited Edition
ID_170,Tesco 2 Scotch Eggs 227G (C)
ID_171,Walkers Cheese & Onion Grab Bag Crisps 45g
ID_172,Tesco Hoi Sin Duck Wrap
ID_173,Tesco Pink Lady Apple & Grape Pot 100G
ID_174,Lipton Ice Tea Peach Bottle 500ml
ID_175,Tropicana Orange Juice Smooth 300Ml
ID_176,Tesco Tuna Crunch Sub
ID_177,Tesco Tiger Baton 200G
ID_178,Tesco Plant Chef Falafel Houmous Wrap
ID_179,Purdey's Rejuvenate Sparkling Grape & Apple with Ginseng 330ml
ID_180,Tesco Chicken Triple Sandwich
ID_181,Tropicana Multivitamins Juice 300 Ml
ID_182,Tony's Chocolonely Milk Chocolate Creamy Hazelnut Crunch 180G
ID_183,Ben & Jerry's Cookie Dough S'wich Up Vanilla Ice Cream Tub 465ml
ID_184,Tesco Finest Super Seeded Farmhouse Loaf 800G
ID_185,Tesco Houmous Red Pepper 182G
ID_186,Tesco Garlic Large
ID_187,Tesco Fish Pie Mix 340G
ID_188,Tesco Mangetout 150G
ID_189,Tesco Pak Choi 250G
ID_190,Tesco Root Ginger Loose
ID_191,Tesco Asparagus Tips 125G
ID_192,Tesco Lemons Each
ID_193,DIESEL  
ID_194,Tesco Sesame Seeds 300G
ID_195,Yutaka Miso Paste 100G
ID_196,Tesco Vegetable Stir Fry 320G
ID_197,San Pellegrino Lemon Soft Drink 330ml
ID_198,"Tesco Salmon, Prawn & Surimi Rolls Sriracha Mayonnaise 141G"
ID_199,Tesco Mango 250G
ID_200,Tesco Blueberries 250G Plus 100% Ef
ID_201,Tesco Plain Flour 1.5Kg
ID_202,Tesco Bananas Loose
ID_203,Secret Garden
ID_204,Nutella Hazelnut Chocolate Spread 350G
ID_205,Tesco Salad Tomatoes 6 Pack
ID_206,Tesco Carrots Loose
ID_207,Tesco Savoy Cabbage Each
ID_208,Tesco Jasmine Rice 1Kg
ID_209,Tesco Cripps Red Apples Loose
ID_210,Tesco Cornichons With Chilli 340G
ID_211,Tiger Tiger Rice Vermicelli 400G
ID_212,Tesco Finest Oyster Mushroom Cluster 150G
ID_213,Tesco Red Peppers Each
ID_214,Tesco Tenderstem Broccoli Spears 330G Plus 33% Extra Free
ID_215,Tesco Taramasalata 170G
ID_216,Suntrail Farms Ripen At Home Peach Minimum 4 Pack
ID_217,Tesco Brown Onions Each
ID_218,Wicked Kitchen 2 Jalapeno Griller Patties 226G
ID_219,Aspall White Wine Vinegar 350Ml
ID_220,Tesco Panko Breadcrumbs 150G
ID_221,Large Granny Smith Apples Loose Class 1
ID_222,Tesco Perfectly Ripe Mango
ID_223,Tesco Pickled Red Cabbage 340G
ID_224,Tesco Asparagus 180G
ID_225,Tesco Figs Minimum 3 Pack
ID_226,Grower's Harvest Sultanas 500G
ID_227,Tao Kae Noi Tempura Seaweed Original 40G
ID_228,Tesco Red Chillies 60G
ID_229,Thai Dragon Fish Sauce 200Ml
ID_230,This Isn't Pork Plant-Based Onion Sausages 270G
ID_231,Tesco Closed Cup Mushrooms 400G
ID_232,Tesco Sweet Chilli Houmous 200G
ID_233,Tesco Salmon Tails 260G
ID_234,Richmond 12 Thick Pork Sausages 615G
ID_235,Tesco Plant Chef Coleslaw 250G
ID_236,Tesco Bramley Cooking Apples Loose
ID_237,I Heart Prosecco Rose 75Cl
ID_238,Tesco 10 Frozen Sweet & Sticky Chicken Kebabs 180G
ID_239,Tesco Roast Chicken Mozzarella & Pesto Sandwich
ID_240,Tesco Pineapple Chunks 145G
ID_241,Tesco Deli Style Cheese & Pickle Sandwich
ID_242,Tesco Ready To Eat Large Avocados Each
ID_243,Aero Dark & Milk Mousse 4 X 55G
ID_244,Happy Egg Free Range Eggs Large 6 Pack
ID_245,Tesco Brown Onions Loose
ID_246,Walkers Sensations Thai Sweet Chilli Coated Peanuts Grab Bag 45g
ID_247,Tesco 8 Wholemeal Tortilla Wraps
ID_248,Nightingale Farms Baby Plum Tomatoes 250G
ID_249,Old El Paso Refried Beans 435G
ID_250,Tesco Taco Mixed Beans Spicy Tomato Sauce 395G
ID_251,Tesco Easy Cook Brown Rice 1Kg
ID_252,Tesco Courgettes Loose
ID_253,Tesco Halloumi 225G
ID_254,Tesco Paneer Cheese 200G
ID_255,Pukka All Steak Pie
ID_256,Ribena Concentrated Blackcurrant 1.5L
ID_257,Tesco Whole Pickled Gherkins 680G
ID_258,Tesco Carrots 800G
ID_259,Suntrail Farms Ripen At Home Plum 400G
ID_260,Tesco Fresh Cut Curled Parsley 30G
ID_261,Tesco Plant Chef Meat Free Chicken Style 200G
ID_262,Tesco Swede
ID_263,Tesco Chayote Loose
ID_264,Tesco Corn On The Cob Twinpack
ID_265,Tesco Plant Chef 4 Thai Style Fish-Free Koftas 280G
ID_266,This Isn't Beef Plant Based Mince 250G
ID_267,Heinz Cream Of Tomato Soup 400G
ID_268,Heinz Spaghetti Hoops In Tomato Sauce 400G Price Marked
ID_269,Colgate Total Advanced Deep Clean Toothpaste 75ml
ID_270,Tesco Plant Chef 4 Indian Style No-Chicken Escalopes 340G
ID_271,Tesco Crunchy Peanut Butter 700G
ID_272,Tesco Reduced Fat Houmous 170G
ID_273,Tesco Jazz Apple 6 Pack
ID_274,Tesco Cashews 300G
ID_275,Tesco Fresh Cut Coriander 30G
ID_276,Tesco Ripe & Ready Twin Pack Avocados
ID_277,Tiger Baguette 400G
ID_278,Wood Farm 6 Large Free Range Eggs (L)
ID_279,Tesco Rosemary 20G
ID_280,Tesco Quad Strength Orange Squash No Added Sugar 1.5L
ID_281,PICK 'N' MIX     MEDIUM CUP       SALE            
ID_282,Volvic Touch of Fruit Strawberry Still Flavoured Water 750ml
ID_283,Tesco Mini Danish Selection 5 Pack
ID_284,Tesco Red Seedless Grapes 500G
ID_285,Tesco Soured Cream 300Ml
ID_286,Tesco Ground Cumin 43G
ID_287,Lancashire Farm Natural Fat Free Yogurt 1Kg
ID_288,Tesco Sliced Green Jalapenos In Brine 300G
ID_289,Tesco Ground Cayenne Pepper 48G
ID_290,Tesco Sweet Peppers 500G
ID_291,Tesco Finest Blueberries 150G
ID_292,Tesco Paprika 52G
ID_293,Tesco Strawberries 400G
ID_294,Cadbury Boost Duo Chocolate Bar 63g
ID_295,Naked Pineapple & Passion Fruit Smoothie 300Ml
ID_296,Kellogg's Nutri-Grain Bars Strawberry 37g
ID_297,Yazoo Chilled Chocolate Flavour Milkshake 400Ml
ID_298,Tesco Cinnamon Buns 2 Pack
ID_299,Tesco Raw Seafood Selection 350G
ID_300,Tesco Chinese Inspired Stir Fry Mix 320G
ID_301,Tesco Beansprouts 300G
ID_302,Tesco 2 Boneless Salmon Fillets 260G
ID_303,Tesco Pure Sunflower Oil 1L
ID_304,Tesco Stonebaked Chargrilled Vegetable Pizza 307G
ID_305,All Shook Up Passion Fruit Martini Premium Cocktail 250ml
ID_306,Tesco Finest Prosecco Doc 75Cl
ID_307,Cadbury Mini Eggs Bag 80G
ID_308,Brewdog Punk Ipa 4X330ml
ID_309,Lee Kum Kee Chiu Chow Chilli Oil 170G
ID_310,Tesco Granny Smith Apple Minimum 5 Pack
ID_311,Estrella Damm Bottles 12X330ml
ID_312,Richmond 8 Back Bacon Meat Free Rashers 150G
ID_313,Sosu Amoy Miso Cooking Paste Japanese 90Ml
ID_314,Sun Hee Kimchi Spicy Fermented Cabbage 190G
ID_315,Tesco E/Anglian Romaine Lettuce Hearts 2 Pack
ID_316,Tesco Sesame Seeds 100G
ID_317,Redmere Farms Green Beans 220G
ID_318,Large Conference Pears Loose Class 1
ID_319,Tesco Ancient Grain Rolls 4 Pack
ID_320,Linda Mccartney Vegetarian Shredded Hoisin Duck 300G
ID_321,Linda Mccartneys Vegemince 500G
ID_322,Tesco Pink Lady Apple Minimum 5 Pack
ID_323,Tesco Finest Coleslaw 180G
ID_324,Heinz Seriously Good Light Mayonnaise 570G
ID_325,Tesco Plant Chef Meat Free Mince 300G
ID_326,Colman's Original English Mustard Jar 100G
ID_327,Bonne Maman Black Cherry Conserve 370G
ID_328,Hellmann's Tomato Ketchup Sauce Squeezy 430ml
ID_329,The Mussel Shack Cooked Seafood Selection 240G
ID_330,Tesco Plant Chef Houmous Harissa Vegetable Sandwich
ID_331,Walkers Wotsits Cheese Grab Bag Crisps 36g
ID_332,Tesco Cajun Style Chicken Sandwich
ID_333,Suntrail Farms Price Orange Minimum 5 Pack
ID_334,Tesco Sweet Chilli & Garlic Sauce 250Ml
ID_335,Tesco Fennel Seeds 36G
ID_336,Tesco Okra 175G
ID_337,Heinz Salad Cream 70% Less Fat 435G
ID_338,Dunns River Jamaican Jerk Seasoning 300G
ID_339,Tesco Mackerel In Hot Sauce 125G
ID_340,Tesco Ground White Pepper 100G
ID_341,Grower's Harvest Sweetcorn 907G
ID_342,Tesco Wholemeal Deli Rolls 4 Pack
ID_343,Tesco Baby Spinach 220G
ID_344,Lee Kum Kee Sweet Hoisin Sauce 567G
ID_345,Tesco Tahini 300G
ID_346,Tesco Coriander Bunches 150G
ID_347,The Tofoo Co. Organic Silken Tofu 250G
ID_348,Tesco Finest Mixed Baby Tomatoes 250G
ID_349,Tesco Extra Virgin Olive Oil 500Ml
ID_350,Tesco Red Split Lentils 500G
ID_351,Tesco Skinless Boneless Scottish Mackerel In Tomato Sauce 125G
ID_352,Victoria Bakery Cornflour 250G
ID_353,Oxo 12 Beef Stock Cubes 71G
ID_354,Tesco Cinnamon Sticks 12G
ID_355,Tesco Ground Turmeric 45G
ID_356,Tesco Mackerel In Katsu Curry Sauce 125G
ID_357,Linda Mccartney 6 Vegetarian Sausages 270G
ID_358,Fishermans Friend Original 3X25g Pack
ID_359,Tesco Dill 20G
ID_360,Tesco Finger Chillies 80G
ID_361,Moryn Sour Gherkins 840G
ID_362,Tesco Sardines In Brine 120G
ID_363,Tesco Finest Scottish Smoked Salmon 60G
ID_364,Tesco Lemongrass 4G ..
ID_365,Tesco Whole Cardamom 30G
ID_366,Aleyna Sliced Red Jalapeno Peppers 480G
ID_367,Tesco Plant Chef Meat Free Beef Style Pieces 200G
ID_368,Belazu Rose Harissa Paste 130G
ID_369,Napolina Chopped Tomatoes 400G +100% Free
ID_370,The Tofoo Co. Naked Xl Extra Firm Organic Tofu 450G
ID_371,T.Cornish Cauliflower Each
ID_372,Tesco Limes Each
ID_373,Aspall Red Wine Vinegar 350Ml
ID_374,Quorn Takeaway 2 Spicy Buffalo Fillets 200G
ID_375,Marmite Yeast Extract Spread 250G
ID_376,Linda Mccartney Bbq Pulled Pork Burger 227G
ID_377,Tesco Fresh Cut Flat Leaf Parsley 30G
ID_378,Growers Harvest Red Kidney Beans In Water 400G
ID_379,Growers Harvest Tomato Puree 200G
ID_380,Tesco Butternut Squash & Whipped Feta Wrap
ID_381,Blue Dragon Coconut Milk Light 400Ml
ID_382,Lee Kum Kee Premium Dark Soy Sauce 500Ml
ID_383,Tesco Ground Cloves 40G
ID_384,Tesco Stonebaked Pepperoni Pizza 277G
ID_385,Nytol Herbal 30S
ID_386,"Tesco British Semi Skimmed Milk 1.13L, 2 Pints"
ID_387,Clover Light Spread 500 G
ID_388,Grower's Harvest Porridge Oats 1Kg
ID_389,Wolf Blass Yellow Label Cabernet Sauvignon 75Cl
ID_390,Simple Kind To Skin Replenishing Rich Moisturiser 125Ml
ID_391,Beefeater Blood Orange Gin 70Cl
ID_392,Campo Viejo Blanco Rioja 75Cl
ID_393,Trivento Reserve Malbec 75Cl
ID_394,Tesco Hi Fibre Wholemeal Loaf 800G Sliced
ID_395,Jus-Rol Puff Pastry Ready Rolled Sheet 320G
ID_396,Tesco Leeks Loose
ID_397,Tesco Finest 2 Tart Au Citron 150G
ID_398,Tyrrells Mixed Root Vegetable Crisps 40G
ID_399,Tesco Chicken & Stuffing Sandwich
ID_400,Wicked Kitchen Fajita Spiced Burrito
ID_401,Innocent Power To The Purple Juice 330Ml
ID_402,Tesco Cheese Triple Sandwich
ID_403,Walkers Max Punchy Paprika Grab Bag Crisps 50g
ID_404,Tesco British Goats Cheese 125G
ID_405,Nightingale Farms Cherry Tomatoes 250G
ID_406,Tesco Large Free Range Eggs 6 Pack
ID_407,Tesco Blackberry 150G Plus 33% Ef (W)
ID_408,Tesco Salad Tomatoes
ID_409,Tesco Ready To Eat Extra Large Avocados Each
ID_410,Tesco Cava Rosado 75Cl
ID_411,Beyond Burger Plant Based Patties 226G
ID_412,Birra Moretti Premium Lager Beer Can 6x330ml
ID_413,Tesco Egg Custard Tarts 4 Pack
ID_414,Tesco Plant Chef 12 Meat Free Balls 336G
ID_415,Tesco Organic Houmous 200G
ID_416,Tesco Medium Free Range Eggs 6 Pack
ID_417,Tesco Finest Lemon Sole Goujons 200G
ID_418,Pilgrims Choice Extra Mature Cheddar Cheese 350 G
ID_419,Tesco Sweet Vine Ripened Tomatoes 255G
ID_420,Tesco Edamame Beans 150G
ID_421,Tesco Seedless Grape Selection Pack (C)
ID_422,Large Pink Lady Apples (C) Loose Class 1
ID_423,Tesco Finest 2 Belgian Chocolate Truffle Cheesecakes 180G
ID_424,Sweet Easy Peeler 500G
ID_425,Thornbridge Jaipur Ipa 4X330ml Can
ID_426,Tesco Chicken Caesar Wrap 50% Extra Free
ID_427,Tesco White Baton 200G
ID_428,Tesco Houmous 200G
ID_429,Stella Artois Premium Lager 4 X 568Ml
ID_430,Tesco Tuna & Cucumber Sandwich
ID_431,Tesco Garlic Sauce 235Ml
ID_432,Tesco Finest Garlic And Parsley Ciabatta 255G
ID_433,Old El Paso Sliced Green Jalapenos 215G
ID_434,Tesco Extra Large Vegetable Samosa 98G
ID_435,Tesco Beautifully Balanced Tuna & Egg Salad Sandwich
ID_436,Gu Salted Caramel Cheesecake 2X92g
ID_437,Mitchum For Men Ice Fresh Roll On 100Ml
ID_438,Tesco Ibuprofen 200Mg 16 Tablets
ID_439,Colgate Advanced Charcoal Whitening Toothpaste 75Ml
ID_440,Simple Kind To Skin Hydrating Light Moisturiser 125Ml
ID_441,Simple Kind To Skin Moisturising Face Wash 150Ml
ID_442,Xprt. For Men Five Blade Razor Plus 9 Blades
ID_443,Tesco Sour Cream & Chive Dip 200G
ID_444,Tesco Purple Sprouting Broccoli 200G
ID_445,Tesco Romaine Lettuce Hearts (C)
ID_446,Simon Howie Black Pudding 200G
ID_447,Tesco Ripe & Ready Avocado (C)
ID_448,Tesco Finest 2 Scotch Eggs 260G
ID_449,Tesco Finest Aged Blue Stilton 215G
ID_450,Tesco Fire Pit Sweet Chilli Chicken Thighs 900G
ID_451,Tesco Chestnut Mushroom 250G(C)
ID_452,Counter Scottish Undyed Whole Msc Kipper
ID_453,Seabasss With Greek Passion Marinade
ID_454,Tesco Make Me A Cuppa
ID_455,Tesco Finest Triple Chocolate Cookie 4 Pack
ID_456,CTR CHICKEN NUGGETS
ID_457,Counter Tuna Steak
ID_458,Counter Plaice Fillet
ID_459,Counter Tesco Finest Smoked Salmon Fillet 130G
ID_460,Growers Harvest Orange Juice With Bits 1L
ID_461,Birra Moretti Premium Lager Beer Bottle 12x330ml
ID_462,Tesco British Chicken Thighs 1Kg
ID_463,Brewdog Hazy Jane New England Ipa 4X330ml Can
ID_464,Mccoy's Cheddar & Onion Crisps 47.5 G
ID_465,Tesco Plant Chef All Day Breakfast Sandwich
ID_466,Tesco Baby Button Mushrooms 200G (C)
ID_467,Tesco 2 Garlic Baguettes 410G
ID_468,Boursin Garlic & Herb Soft Cheese 150 G
ID_469,Muller Light Greek Style Lemon Yogurt 4 X120g
ID_470,Tesco 8 Plain Tortilla Wraps
ID_471,Old El Paso Garlic & Paprika Taco Seasoning Mix 25G
ID_472,Tesco British Mature Grated Cheddar Cheese 250 G
ID_473,Tesco Grated Mozzarella & Cheese Mix 200G
ID_474,John Smiths Extra Smooth 10X440ml
ID_475,Plaza Centro Prosecco 75Cl
ID_476,Tesco Deli Style Cheese & Pickles Sandwich
ID_477,Tesco Finest 2 Thai Prawn Fishcakes 290G
ID_478,Tesco 8 Mini White Tortilla Wraps
ID_479,Innocent Berry Set Go Juice 330Ml
ID_480,Old Speckled Hen Ale Cans 4 X 500Ml
ID_481,Cinnamon Swirl
ID_482,Bury Black Pudding 4 Slices 230G
ID_483,Wicked Kitchen Sweet Potato Pakora Wrap
ID_484,Kiwi Fruit Each (C)
ID_485,Walkers Sensations Thai Sweet Chilli Sharing Bag Crisps 150g
ID_486,Anchor Salted Block Butter 250G
ID_487,Tesco Suntrail Nectarine 4 Pack
ID_488,Happy Egg Co. Free Range Eggs 10 Mixed Weight
ID_489,Tesco Large Wholemeal Baps 4Pk+2 Extra Free
ID_490,Tesco Mini Cornichons 340G
ID_491,Tesco Finest Lightly Sea Salted Crinkle Cut Crisps 150G
ID_492,Satono Yuki Tofu 300G
ID_493,Tesco Stonebaked Spinach & Ricotta Pizza 314G
ID_494,Tesco Mixed Olives With Cheddar 220G
ID_495,Tesco Sardines In Sunflower Oil 120G
ID_496,Hellmann's Light Mayonnaise Squeezy 430ml
ID_497,Heinz Sweet Chilli Sauce 220Ml
ID_498,Tesco Mackerel Fillets Sunflower Oil 125G
ID_499,Schwartz Ginger Ground 24G
ID_500,Tesco Whole Black Peppercorn 50G
ID_501,Blue Dragon Thai Red Curry Paste 285G
ID_502,Tesco Tenderstem 80G
ID_503,Garden Pride Gherkins In Sweet & Sour Vinegar 680G
ID_504,Kikkoman Teriyaki Sauce Sesame 250Ml
ID_505,Vivera Veggie Greek Kebab 175G
ID_506,Doritos Tortilla Chips Tangy Cheese Sharing Bag Crisps 180g
ID_507,Tesco Mozzarella 240G
ID_508,Tesco Closed Cup Mushrooms 300G
ID_509,Tesco Finest Sun Dried Tomato Garlic & Basil Sauce 340G
ID_510,Tesco Large Garlic Each
ID_511,Tesco Garlic Flatbread 255G
ID_512,The Tofoo Co Naked Tofu 280G
ID_513,Blue Dragon Whole Wheat Noodles 300G
ID_514,Sharwoods Real Oyster Sauce 150Ml
ID_515,Very Lazy Red Chillies 190G
ID_516,Yo! Salmon Deluxe 206G
ID_517,Fanta Orange 500 M
ID_518,Coca-Cola Original Taste 250ml
ID_519,Guinness Draught 4X440ml
ID_520,Crabbies Alcoholic Ginger Beer 500Ml
ID_521,Tesco The Chicken Club Sandwich
ID_522,John Smith's Extra Smooth Ale Can 4x440ml
ID_523,Tesco Stonebaked Margherita Pizza 252G
ID_524,Linda Mccartney 2 Mozzarella Burgers 227G
ID_525,Tesco Swede Each (C)
ID_526,Tesco Butternut Squash Each (C)
ID_527,Tesco Asparagus Bundle 250G (C)
ID_528,Tesco Skinless Boneless Scottish Mackerel In Brine 125G
ID_529,Tesco Core Ripen At Home Nectarin 4 Pack (C)
ID_530,Wicked Kitchen California Inspired Christmas Wrap
ID_531,"Tesco Salmon, Prawn & Mackerel Sushi 224G"
ID_532,Tesco Finest New York Deli Inspired Pastrami & Emmental Sandwich
ID_533,Tesco Smoked Salmon Sushi Snack 57G
ID_534,Tesco Halkidiki Olives & Slow Roasted Tomatoes 160G
ID_535,Thai Dragon Sriracha Hot Chilli Sauce 455Ml
ID_536,Tesco Finest Coleslaw 300G
ID_537,Tesco Finest Smoked Scottish Salmon & Cream Cheese Sandwich
ID_538,Hp Top Down Brown Sauce 450G
ID_539,Tesco Spanish Style Tortilla 500G
ID_540,Tesco Finest Edamame & Greens Salad 200G
ID_541,Cauldron Foods Falafel 200G
ID_542,Schweppes Slimline Tonic Water 1L
ID_543,Fever Tree Rhubarb & Raspberry Tonic Water 500Ml
ID_544,Tesco Stackable Clips Pins And Bands
ID_545,T.Assorted Ballpoint Pens 10 Pack
ID_546,T.Whiteboard Markers Asstd 4 Pack
ID_547,Tesco Lever Arch Red And Purple
ID_548,Tesco Mixed Leaf Salad 120G
ID_549,Tesco Finest Moroccan Inspired Couscous 230G
ID_550,Quorn Vegan Smoky Ham Free Slice 100G
ID_551,Hovis Original 7 Seeds Bread 800G
ID_552,Popchips Bbq Flavour 5X17g
ID_553,Pizza Express Dough Balls 200G
ID_554,Pizza Express Romana Pollo American Pizza 375G
ID_555,La Gioiosa Prosecco Rose Millesimato 75Cl
ID_556,Napolina Extra Virgin Olive Oil 500Ml +50% Extra
ID_557,Tesco Kale 180G (C)
ID_558,Tesco Free Range 6 Medium Express Pack
ID_559,Tesco Rock Salt Grinder 100G
ID_560,Frank's RedHot Original Cayenne Pepper Hot Sauce 148ml
ID_561,Tesco 4 Vegetable Samosas 216G
ID_562,Tesco The Triple Sandwich
ID_563,Tesco Fire Pit Habenero Relish 300G
ID_564,Tesco A4 Refill Pad 300 Pages
ID_565,Tesco Egg & Cress Sandwich
ID_566,Oasis Citrus Punch 500ml
ID_567,Corona Extra 4X330ml
ID_568,Tesco Bunched Spring Onions 100G
ID_569,"Tesco British Whole Milk 568Ml, 1 Pint"
ID_570,Redmere Farms Garlic 4 Pack
ID_571,Creamfields Mature White Cheddar 400G
ID_572,Biona Organic Kimchi 350G
ID_573,"Wicked Kitchen Chilli, Mint & Lime Salt 90G"
ID_574,Bio-Tiful Dairy Kefir Drink Original 500Ml
ID_575,Tesco British Pork Sliced Liver
ID_576,Tesco Flax Seeds 150G
ID_577,Tesco Garden Peas 500G
ID_578,Tesco Raspberries 150G Plus 33% Ef (W)
ID_579,"Tesco British Semi Skimmed Milk 568 Ml, 1 Pint"
ID_580,Tesco Blueberries 150G+33% Ex/Free
ID_581,Grower's Harvest Orange Juice Smooth 1 Litre
ID_582,Tesco Greengages 250G
ID_583,Nutella Hazelnut Chocolate Spread 200G
ID_584,Crayola Supertips 12 Pack
ID_585,Lyle's Golden Syrup Breakfast 340G
ID_586,Tesco British Strawberries 454G
ID_587,Dr.Oetker Madagascan Vanilla Extract 35Ml
ID_588,Tesco Dry London Gin 70Cl
ID_589,Schweppes Canada Dry Ginger Ale 1L
ID_590,Tesco Finest Prosecco Rose 75Cl
ID_591,Tesco Feta Semi Dried Tomato Pasta 290G
ID_592,Ribena Blackcurrant Light Bottle 500 M
ID_593,BODDINGTONS     DRAUGHT BITTER  4X440ML CANS    
ID_594,Get More Vitamin D 500 Ml
ID_595,Cobra 660Ml
ID_596,San Miguel Especial Lager Beer Bottle 660ml
ID_597,Kettle Lightly Salted Chips 50G
ID_598,Birra Moretti Premium Lager Beer Bottle 660ml
ID_599,"Tesco Apple Mango, Strawberry & Raspberry 220G"
ID_600,Tesco Halloumi Cheese With Chilli 225 G
ID_601,Doritos Dippers Cool Original Tortilla Chips 270G
ID_602,Tenzing Natural Energy Drink 250Ml
ID_603,Tesco All Butter Chocolate Croissant 2 Pack
ID_604,Freixenet Cordon Rosado Seco 75Cl
ID_605,Gordon's Special Dry London Gin Bottle 37.5% Vol 1L
ID_606,Tesco No Added Sugar Cranberry Juice Drink 1 Litre
ID_607,Heinz Seriously Good Mayonnaise Light 420G
ID_608,Tesco Finest Spanish Chorizo 225G
ID_609,Pringles Sizzl'n Extra Hot Cheese & Chilli 180G
ID_610,Tesco Italian Chopped Tomatoes 400G
ID_611,Pepsi Max No Sugar Cola Bottle 2L
ID_612,Southern Comfort Whiskey Flavoured Liqueur 70cl
ID_613,Pringles Sizzl'N Kickin' Sour Cream Sharing Crisps 180g
ID_614,Coors Light 10X440ml
ID_615,Tesco Plant Chef 2 Meat Free Burgers 226G
ID_616,Heinz Classic Barbecue Sauce 480G
ID_617,Tesco 4 Large White Baps
ID_618,Tesco Small Disposable Charcoal Bbq Tray
ID_619,Peroni Nastro Azzurro 12X330ml
ID_620,Tesco Harissa Paste 90G
ID_621,Kettle Chips Mature Cheddar & Red Onion Crisps 150 G
ID_622,Kettle Chips Lightly Salted Crisps 150 G
ID_623,Tesco Finest White Sourdough Loaf 400G
ID_624,The Ice Co. Premium Ice Cubes 1Kg
ID_625,Oxo 12 Chicken Stock Cubes 71G
ID_626,Schwartz ground Turmeric 37g
ID_627,Tesco Cinnamon 80G
ID_628,Tesco Finest Sweet Mini Peppers 220G
ID_629,Tesco Garlic Each
ID_630,Cofresh Bombay Mix 325G
ID_631,Wahaca Chipotle Chilli Sauce 155G
ID_632,Tesco Aubergine Each
ID_633,Tesco Feta And Herb Spinach Pastries 130G
ID_634,Tesco Oranges Each
ID_635,Tesco Allergy & Hayfever Cetirizine 14S
ID_636,Sierra Tequila Blanco 50cl
ID_637,John Smiths Extra Smooth 15X440ml
ID_638,Spam Chopped Pork And Ham 340G
ID_639,Tesco Oranges 5 Pack
ID_640,Tesco Roasted Salted Cashew Nuts 150G
ID_641,Lyle's Golden Syrup 700G
ID_642,Tesco Yellow Peppers Each
ID_643,Tesco Moroccan Houmous 182G
ID_644,Tiger Tiger Udon Japanese Style Noodles 400G
ID_645,Tesco Finest Oysters 360G
ID_646,Tesco Large Flat Mushrooms 250G
ID_647,Kingfisher Jumbo Crab 145G
ID_648,The Tofoo Co. Crispy Spicy Bites 280G
ID_649,Jordans Natural Muesli 1Kg
ID_650,Tesco Stringless Beans 180G
ID_651,Alpro Oat No Sugar Long Life Dairy Free Drink 1L
ID_652,Taste & Glory 8 Vegan Frozen Sausages 320G
ID_653,Hampshire Watercress 75G
ID_654,Vita Coco Natural Coconut Water 500 Ml
ID_655,Bombay Sapphire Gin & Tonic 250ml
ID_656,All Shook Up Spritz Peach & Lychee 250Ml
ID_657,Jack Daniels & No Sugar Cola 330Ml
ID_658,Wicked Kitchen Hot Burrito
ID_659,Tesco Strawberries 400G (C)
ID_660,Blue Dragon Sweet Chilli Sauce Light 350G
ID_661,"Gillette Fusion 5, Razor & 10 Blades Set"
ID_662,Tesco Smoky Olives With Red Pepper 220G
ID_663,Tesco Medium Free Range Eggs 12 Pack
ID_664,Tesco Honey Nut Clusters Milk Chocolate Cereal 500G
ID_665,Tesco Strawberries 227G (C)
ID_666,Vita Coco Pressed Coconut Water 500Ml
ID_667,Tesco Sparkling Water Apple & Raspberry 1 Litre
ID_668,Tesco Raspberries 150G Plus 33% Extra Free (C)
ID_669,New Covent Garden Soup Co Mushroom Soup 560G
ID_670,Tesco Limited Edition Brie & Smoked Bacon Sandwich with Chilli Jam
ID_671,Tesco Finest 2 White Baguettes With Sourdough250g
ID_672,Juicy Water Lemon & Lime Drink 420 Ml
ID_673,Fulfil Peanut & Caramel Vitamin & Protein Bar 40G
ID_674,New Covent Garden Soup Co Classic Chicken Soup 560G
ID_675,Innocent Citrus Shield Juice 750Ml
ID_676,Tesco Sweet & Salt Popcorn 100G
ID_677,Tesco Finest Garlic Ciabatta 270G
ID_678,Ginsters Cajun Spiced Chicken Bake 117G
ID_679,Don Simon Mixed Berries & Banana Smoothie 330Ml
ID_680,Jimmy's Iced Coffee Mocha 275Ml
ID_681,Doritos Tortilla Chips Cool Original Grab Bag Crisps 48g
ID_682,Tesco Chicken & Bacon Sub
ID_683,Tesco Chocolate Chip Brioche Rolls 8 Pack
ID_684,Tesco Finest Sweet & Sour Chicken & Egg Fried Rice 400G
ID_685,Tesco Finest Spaghetti Carbonara 400G
ID_686,Coca-Cola Original Taste 1.75L
ID_687,Tesco Finest 6 Cumberland Sausage 454G (C)
ID_688,Tesco Chicken Peanut Satay Wrap
ID_689,Innocent Energise Super Smoothie 300Ml
ID_690,Red Bull Energy Drink 473Ml
ID_691,Walls Single Scotch egg 113g
ID_692,Perfect Ted Matcha Green Tea Energy Drink Pineapple Yuzu 250ml
ID_693,Wall's Large Pork Sausage Roll 100g
ID_694,Tesco Limited Edition Tonkatsu Style Pulled Pork Wrap
ID_695,Yop Strawberry Flavoured Yogurt Drink 500 G
ID_696,GINSTERS SPICY MEXICAN BEAN BAKE 117G
ID_697,Innocent Wonder Green Juice 330Ml
ID_698,Graham's Protein 25G Passion Fruit & Mango Yogurt 200G
ID_699,Tesco Sausage Bacon & & Egg Triple
ID_700,Naked Green Machine Super Smoothie 750ml
ID_701,Kinder Bueno White 39G
ID_702,Dioralyte Blackcurrant 6 Sachets
ID_703,Tesco Green Olives With Herbs 60G
ID_704,Get More Vitamins Recovery Cranberry 500Ml
ID_705,For Goodness Shake Recovery Chocolate Flavour 435Ml
ID_706,Tesco Southern Fried Chicken Pasta 300G
ID_707,Tesco Ashbeck Still Water 2Ltr
ID_708,Tesco Paracetamol Tablets 500Mg 16 Pack
ID_709,Tesco Scottish Oats Porridge 1Kg
ID_710,For Goodness Shakes Protein Strawberry 435ml
ID_711,Naked Rainbow Machine Super Smoothie 750ml
ID_712,Andrex Supreme Quilts Toilet Tissue Standard Rolls 9 Rolls
ID_713,Tesco Smooth Peanut Butter 340G
ID_714,Tesco Strawberry Jam 454G
ID_715,Walkers Monster Munch Pickled Onion Grab Bag Crisps 40g
ID_716,Doritos Chilli Heatwave Tortilla Chips 225G
ID_717,Sudafed Sinus Max Strength Capsules 16S
ID_718,Haribo Tangfastics 175G
ID_719,Lucozade Energy Orange 900Ml
ID_720,Naked Pineapple & Passion Fruit Smoothie 750Ml
ID_721,Tesco Limited Edition Chicken Dinner & Gravy Mayo Sub
ID_722,Tesco Drawstring Swing Bin Liners 30 Pack (50L)
ID_723,Graze Lively Lemon Oat Boosts 50g
ID_724,"Tesco Kiwi, Melon & Strawberries 250G (C)"
ID_725,Tesco Frozen Summer Fruits Mix 500G
ID_726,Tesco Elmhurst English Natural Mineral Sparkling Water 2L
ID_727,Biotiful Dairy Kefir Coffee Mocha 250ml
ID_728,Tesco 2 Breaded Garlic Chicken Kievs 270G
ID_729,Plenty Kitchen Towel 200 Sheets 2 Roll
ID_730,Evian Natural Bottled Mineral Still Water 1.5L
ID_731,Kettle Sea Salt & Balsamic Vinegar Potato Chips 130G
ID_732,Cadbury Mini Eggs 80G Clipstrip
ID_733,innocent Smoothie Strawberries & Bananas 750ml
ID_734,Tesco Original Beef Jerky 40G
ID_735,Tesco Smoked Thick Cut Rashers*7 300G
ID_736,Tesco Chunky Bbq Chicken 170G
ID_737,Tesco Thai Green Chicken Curry & Jasmine Rice 400G
ID_738,Tesco Raspberries & Blueberries 200G
ID_739,Prime Hydration Lemonade Flavour Drink 500ml
ID_740,Tesco Chicken Jalfrezi & Pilau Rice 400G
ID_741,Tesco Chicken Korma & Pilau Rice 400G
ID_742,Pepsi Cola Bottle 2L
ID_743,Orangina 420Ml
ID_744,Petits Filous Strawberry & Raspberry Fromage Frais 4X85g
ID_745,Tesco Grape & Berry Medley 230G
ID_746,"innocent Super Smoothie Invigorate, Kiwi & Cucumber Juice with Vitamins 750ml"
ID_747,Tesco Chicken & Bacon Wrap
ID_748,Red Bull Sugar Free Energy Drink 355Ml
ID_749,"Tesco Chicken, Bacon & Stuffing Wrap"
ID_750,Itsu Seaweed Thins Sea Salt 5G
ID_751,La Vieille Ferme Rose Wine 750Ml
ID_752,Tesco 10 Tail On King Prawns 130G
ID_753,Hellmann's Light Mayonnaise Squeezy 750ml
ID_754,Tesco 8 Ham and cheese croquettes 205g
ID_755,T.8 Mature Cheddar & Smoky Bacon Skins 224G
ID_756,Prime Hydration Drink Strawberry And Watermelon 500Ml
ID_757,Pringles Salt & Vinegar Sharing Crisps 185g
ID_758,"Magnum Mini Classic, Almond & White Chocolate Ice Cream Sticks 6x55ml"
ID_759,Tesco Garlic & Rosemary Flatbread 185G
ID_760,Tesco 100% Pure Orange Juice Smooth 1 Litre
ID_761,Tesco Chicken Breast Portions 580G
ID_762,Mccoy's Salt & Vinegar Grab Bag Crisps 45G
ID_763,Tesco Chicken stuffing & Cranberry Sauce Sub
ID_764,Ufit High Protein Milkshake White Chocolate Flavoured 330Ml
ID_765,Wild West Honey Bbq Steak Strips 35G
ID_766,Doritos Tortilla Chips Chilli Heatwave Grab Bag Crisps 48g
ID_767,Twix Kingsize Bar 85G
ID_768,Tesco 4 Breaded Chicken Steaks 505G
ID_769,Tesco Baby Plum Tomato 325G (C)
ID_770,Nurofen For Children Strawberry 100Ml
ID_771,Toblerone Milk Chocolate 100G
ID_772,Smirnoff No.21 Red Label Vodka Bottle 37.5% Vol 1L
ID_773,Tango Orange Original Cans 6x330ml
ID_774,Fresher Pub Pork Crunch 30G Clip Strip
ID_775,Strongbow Dark Fruit Cider Can 440ml
ID_776,Sure Men Invisible Ice Fresh Antiperspirant Deodorant 200ml
ID_777,Tesco Medium Cheddar 400G
ID_778,Doritos Tangy Cheese 245G
ID_779,7Up Zero Lemon & Lime 2L
ID_780,Tesco Imperial Vodka 70Cl
ID_781,Tesco Cherries 250G (C)
ID_782,Tesco Cocktail Sausages & Ketchup Dip 98G
ID_783,Innocent Coconut Water 1 Litre
ID_784,Prime Hydration Glowberry Flavour Drink 500ml
ID_785,Andrex Classic Clean Toilet Tissue Standard Rolls 9 Rolls
ID_786,Tesco Finest Ham Mushroom Mascarpone Pizza 450G
ID_787,Fanta Lemon 2L
ID_788,Tesco Finest Sea Salt Chardonnay Vinegar Crisps 150G
ID_789,Tesco Salsa 200G
ID_790,Tesco Tzatziki Dip 200G
ID_791,Ben & Jerry's Cookie Dough Vanilla Ice Cream Tub 465ml
ID_792,n?kd. Blueberry Muffin Raw Fruit & Nut Bar 4x35g
ID_793,Regular Flat White + Syrup
ID_794,Persil Non Biological Liquid Detergent 38 Washes 1026Ml
ID_795,Tesco Red Seedless Grape Punnet 400G
ID_796,Tesco Butter Chicken With Pilau Rice 400G
ID_797,Tesco Finest White Loaf With Sourdough 800G
ID_798,Ben & Jerry's Chocolate Fudge Brownie Ice Cream Tub 465ml
ID_799,Large Hot Chocolate
ID_800,Lucozade Sport Zero Sugar Orange & Peach 500Ml
ID_801,Vita Coco Natural Coconut Water 1 Litre
ID_802,Nuromol Dual Action Pain Relief Ibuprofen & Paracetamol 12 Pack
ID_803,Prime Hydration Drink Lemon And Lime 500Ml
ID_804,Tesco Blackberry 150G Plus 50%Ef (C)
ID_805,Tesco Chicken Bacon & Lettuce Sandwich
ID_806,New York Bakery Cinnamon & Raisin Bagels 5Pack
ID_807,Pot Noodle Bombay Bad Boy Instant Noodles King Pot 114g
ID_808,Andrex Supreme Quilts Toilet Tissue Standard Rolls 4 Rolls
ID_809,Tesco Chicken & Chorizo Fresh Tortelloni 300g
ID_810,Actiph Alkaline Ionised Water 600Ml
ID_811,Tesco Finest Mozzarella & Pesto Pasta Salad 235G
ID_812,Tesco Homebake Baguettes 2 Pack
ID_813,The Famous Grouse Finest Blended Scotch Whisky 35cl
ID_814,Coca-Cola Zero Sugar 330ml
ID_815,Starbucks Caramel Macchiato Coffee Drink 330Ml
ID_816,The Skinny Cookie Co Ginger Crunch Cookies 170G
ID_817,Sour Patch Kids Original 130G
ID_818,Fanta Lemon 500 M
ID_819,Monster Energy Drink Ultra 500ml
ID_820,Yazoo Strawberry Milkshake 1 Litre Bottle
ID_821,Prime Hydration Blue Raspberry 500Ml
ID_822,Tesco Chicken Bacon & Stuffing Sandwich
ID_823,Embassy Signature Gold 20 Pack
ID_824,Tesco Finest Meal Deal Potato Dauphinoise 400G
ID_825,Prime Hydration Tropical Punch Drink 500Ml
ID_826,Stella Artois Lager Beer 660Ml
ID_827,Birds Eye Cod Fish Fingers 10 Pack 280G
ID_828,Tesco Lean Beef Steak Mince 5% Fat 500G
ID_829,Tesco Egg & Bacon Sandwich
ID_830,"Onken Biopot Mango,Pasn/Fruit Yogurt 500G"
ID_831,Tesco Pain Au Chocolat 4 Pack +2 Extra Free
ID_832,Walkers Max Fiercely Flamin' Hot Grab Bag Crisps 50g
ID_833,Onken Naked Strawberry Yogurt Pouch 110G
ID_834,Tesco Honey Roasted Cashews 150G
ID_835,Marlboro Gold 20 Cigarettes
ID_836,Tesco Chicken & Bacon Pasta 300G
ID_837,Prime Hydration Meta Moon Flavoured 500Ml
ID_838,Regina Blitz Kitchen Towel 3For2 Promo Pack
ID_839,Monster Energy Drink Ultra Gold 500ml
ID_840,Lucozade Sport Orange England 4X500ml
ID_841,Tesco Irish Rashers 300G
ID_842,Vanish Gold Oxi Action Laundry Stain Remover Powder Whites 850g
ID_843,KIND Protein Crunchy Peanut Butter Snack bar 50G
ID_844,Tesco Finest 6 Traditional Pork Sausage 400G
ID_845,Tesco Chicken & Sweetcorn Sandwich
ID_846,Eat Natural Protein Packed Crunchy Nut Bar with Peanuts and Chocolate 45g
ID_847,Innocent Berry Set Go Juice 750Ml
ID_848,Berocca Orange Effervescent Vitamin Energy Tablets 15S
ID_849,Lucozade Sport Orange Still 500Ml Bottl
ID_850,Graze Peanut Butter Flapjack 50G
ID_851,Tesco Sirloin Steak 227G
ID_852,Tesco British Double Cream 300Ml
ID_853,Tesco 15 Eggs
ID_854,Fresh & Naked Spinach 125G
ID_855,Tesco Homestyle Straight Cut Chips 1Kg
ID_856,Tesco No Added Sugar Cranberry Raspberry Juice Drink 1 Litre
ID_857,Fanta Lemon 8 X 330Ml
ID_858,Gressingham Aromatic Half Duck 570G
ID_859,"Tesco Finest Peas, Leeks & Pancetta 250G"
ID_860,Tesco Hot & Spicy Breaded Chicken Mini Fillets 305G
ID_861,Nandos Squeezy Perinaise 265G
ID_862,Warburtons White Sliced Sandwich Rolls 6 Pack
ID_863,Tesco Blueberries 150G +50% Ef (C)
ID_864,innocent Smoothie Mangoes Passion Fruits & Apples 750ml
ID_865,Lucozade Energy Orange 500Ml
ID_866,Tesco 6 Mini Melton Mowbray Pork Pies 300G (C)
ID_867,"Tesco British Skimmed Milk 2.272L, 4 Pints"
ID_868,Tesco Indian Onion Bhajis 280G
ID_869,Tesco Mature Cheddar 400G
ID_870,Fairy Lemon Washing Up Liquid 654Ml
ID_871,Heinz Baked Beans No Added Sugar In Tomato Sauce 4 X415g
ID_872,Tesco Sweet Potatoes 1Kg (C)
ID_873,Nature Valley Protein Salted Caramel Nut Cereal Bar 40g
ID_874,Tesco Sparkling Water Lemon & Lime 1 Litre
ID_875,GalbaniÂ ItalianÂ MozzarellaÂ Cheese 125g
ID_876,Sacla Sun Dried Tom Pesto 190G
ID_877,Innocent Bolt From The Blue Juice 750Ml
ID_878,Rizla Regular Green 50
ID_879,Lemons Each
ID_880,Tesco British Chicken Thighs 600G (C)
ID_881,Corona Extra Lager 620Ml
ID_882,Tesco Lightly Seeded Loaf 800G
ID_883,Doritos Tortilla Chips Tangy Cheese Grab Bag Crisps 48g
ID_884,Pizza Express American Pizza 250G
ID_885,Pizza Express Garlic Dough Balls 95 G
ID_886,For Goodness Shakes Recovery Milk Chocolate 475Ml
ID_887,Florette Crispy 90G
ID_888,19 Crimes Revolutionary Rose Wine 750Ml
ID_889,Cofresh Hot Bombay Mix 325G
ID_890,Tesco Southern Fried Breaded Chicken Mini Fillets 305G (C
ID_891,Peroni Nastro Azzurro Lager Beer 500Ml
ID_892,Nissin Soba Chilli Instant Noodles 92G
ID_893,Captain Kombucha California Rasp Water 400Ml
ID_894,Eat Natural Bars Maple Syrup Pecan & Peanut 45G
ID_895,Tesco Oriental Flavoured Nut Mix 25G
ID_896,Tesco Kitchen Towel 2 Rolls
ID_897,Tesco Large Dishcloth 6Pack Roll
ID_898,Tesco Dishwasher Salt 1Kg
ID_899,Mr Muscle Oven Cleaner 300Ml +66% Extra Free
ID_900,Tesco Microfibre Cloth 4 Pack
ID_901,La Vieille Ferme White Wine 750Ml
ID_902,Glaceau Smartwater 600Ml
ID_903,KIND Protein Dark Chocolate snack Bar 50g
ID_904,Finish Dishwasher Cleaner Lem250ml +100%Ex
ID_905,Glade Aerosol Air Freshener Relaxing Zen 300ml
ID_906,Fulfil Chocolate Hazelnut Whip Vitamin & Protein Bar 40G
ID_907,Buxton Still Natural Mineral Water Sports Cap 1L
ID_908,Tesco Mixed Leaf Salad 90G
ID_909,Frylight Olive Oil Spray 190Ml
ID_910,Tesco Radish 240G
ID_911,Tesco Whole Cucumber Each
ID_912,Method Antibacterial All Purpose Cleaner Spray Wild Rhubarb 828Ml
ID_913,Tesco Citrus Anti Bact Wipes 80Pk Plus 20 Free
ID_914,Tesco Finest 2 Thai Inspired Salmon & Cod F/Cakes 290G
ID_915,Old El Paso Fajita Dinner Kit 50% Extra Free
ID_916,Tesco Finest Strawberries 300G (C)
ID_917,Highland Spring Still Water 1.5 Litre
ID_918,"Tesco British Whole Milk 2.272L, 4 Pints"
ID_919,Tesco Sweet Chilli Stir Fry Sauce 180G
ID_920,Tesco Egg Noodles 300G (C)
ID_921,Tesco Pepper Stir Fry Mix 320G
ID_922,Tesco Finest Cooked Jumbo King Prawns 150G
ID_923,Snaffling Pig Pork Scratchings Salted 45G
ID_924,Tesco Finest Greek Style Chicken & Feta Seeded Tortilla Wrap
ID_925,Volvic Natural Bottled Mineral Still Water 1L
ID_926,Philadelphia Original Soft Cream Cheese 280G
ID_927,Tesco Bbq Chicken With Jasmine Rice 400G
ID_928,Tesco Watercress Spinach & Rocket 105G (C)
ID_929,New York Bakery The Original Bagels 5Pack
ID_930,Heinz Beanz No Added Sugar In Tomato Sauce 415G
ID_931,Arctic Coffee Cafe Latte 330Ml
ID_932,Hilltop Squeezy Blossom Honey 340G
ID_933,Tesco Chinese Style Chicken Curry With Egg Fried Rice 400G
ID_934,Volvic Touch of Fruit Lemon & Lime Still Flavoured Water 750ml
ID_935,Graze Lively Lemon Flapjack 53G
ID_936,Tesco Lamb Rogan Josh With Pilau Rice 400G
ID_937,Tesco Mango (C)
ID_938,Beavertown Neck Oil Session Ipa 4X330ml
ID_939,Tesco Indian Kitchen Chicken Tikka Biryani 400G
ID_940,Arctic Coffee Cafe Latte 1 Litre
ID_941,Mccain Crispy French Fries 1Kg
ID_942,San Pellegrino Sparkling Natural Mineral Water 1L
ID_943,Tesco Asparagus Tips 125G (C)
ID_944,Tesco Tenderstem 220G (C)
ID_945,Tesco Chicken Thigh Fillets Skinless & Boneless 600G
ID_946,Tesco Smoked Salmon 120G
ID_947,Philadelphia Original Soft Cream Cheese 165G
ID_948,Tesco Black Beans 400G
ID_949,Summer Pride Chopped Tomatoes 400G
ID_950,Domestos Original 750Ml +33% Extra Free
ID_951,Dr Beckmann Carpet Cleaner Brush 650Ml
ID_952,Dri-Pak Table Salt 750G
ID_953,Tesco British Pork Belly Sliced 550G
ID_954,Kettle S/Salt & Black Peppercorns Potato Chips 130G
ID_955,Tesco Limes Minimum 5 Pack
ID_956,Zip 2Kg Charcoal Briquettes
ID_957,Tesco Coronation Chicken Sandwich
ID_958,Tesco Wafer Thin Honey Roast Ham 125G
ID_959,Tesco Organic Garlic 3 Pack
ID_960,Tesco Gnocchi 500G
ID_961,Tesco Balsamic Vinegar Of Modena 250Ml
ID_962,Tesco Tzatziki 170G
ID_963,Tesco Baby Plum Tomatoes 325G
ID_964,Tesco All Butter Chocolate Croissant
ID_965,Charlie Bigham's Chicken Tikka Masala 403G
ID_966,Tesco Smoked Bacon & Ketchup Sandwich
ID_967,Peperami Red Hot Stick 22.5G
ID_968,Eat Natural Fruit & Nut Bar Almond & Apricot with a Yoghurt Coating 50g
ID_969,Evian Natural Bottled Mineral Still Water 750ml
ID_970,Tesco Chicken & Chorizo Sandwich
ID_971,Walkers Max Strong Hot Sauce Blaze Grab Bag Crisps 50g
ID_972,Kettle Chips Sea Salt & Balsamic Vinegar Crisps 40 G
ID_973,Tesco Chicken Slice
ID_974,Tesco Steak Slice
ID_975,Red Bull Energy Drink Sugar Free 473Ml
ID_976,Heineken Lager Beer Bottle 650ml
ID_977,Cobra Indian Lager 620Ml
ID_978,Diet Coke 2L
ID_979,Coca-Cola Original Taste 500ml
ID_980,Highland Spring Eco Bottle Still Water 1 Litre
ID_981,Pimm's No.1 & Lemonade Ready to Drink Premix 250ml
ID_982,Popchips Bbq Popped Chips 85G
ID_983,Tesco Mixed Herbs 30G 30G
ID_984,Tesco Roasted Vegetable Flavour Couscous 110G
ID_985,Fox's Milk Chocolate Cookies 180G
ID_986,Airwaves Menthol & Eucalyptus Sugarfree Chewing Gum 10 Pieces
ID_987,Smirnoff Red Label Vodka and Cranberry Ready to Drink Premix 250ml
ID_988,Tesco 2 Mini Melton Mowbray Pork Pies 100G
ID_989,San Pellegrino Orange Soft Drink 330ml
ID_990,Tesco Pvc - Free Cling Film 25M X 350Mm
ID_991,Dettol Antibacterial Multi Surface Cleaning Wipes 72 Pack
ID_992,Dettol Antibacterial Limescale Washing Machine Cleaner Citrus 250ml
ID_993,Walkers Salt & Vinegar Grab Bag Crisps 45g
ID_994,Archers and Lemonade Ready to Drink 250ml
ID_995,Express Deep Fill Tuna & Sweetcorn Sandwich
ID_996,Peperami Original 25G
ID_997,Jimmy's Iced Coffee Original 275Ml
ID_998,Properchips Barbecue Lentil Chips 20G
ID_999,Tesco All Butter Croissant
ID_1000,Innocent Invigorate Super Smoothie 300Ml
ID_1001,Tesco Moroccan Inspired Harissa Chicken Wrap
ID_1002,Starbucks Coffee Double Shot Espresso 200 Ml
ID_1003,Emmi Caffe Latte Mr Big Skinny 370Ml
ID_1004,Tesco Southern Fried Chicken Wrap
ID_1005,Walkers Sensations Thai Sweet Chilli Grab Bag Crisps 40g
ID_1006,OREO Vanilla Cookie Sandwich Biscuits 154G
ID_1007,Corona Extra 12X330ml
ID_1008,Tesco Baked Beans In Tomato Sauce 420G
ID_1009,Tesco Finest 4 Brioche Burger Buns
ID_1010,Tesco Firepit 4 1/4Lb Beef Burgers 454G(C)
ID_1011,Innocent Tropical Defence Super Smoothie 300Ml
ID_1012,Soreen Banana Loaf Bar 42G
ID_1013,Naked Rainbow Machine Smoothie Drink 300Ml
ID_1014,Tesco All Rounder Potatoes 2.5Kg
ID_1015,Pringles Salt & Vinegar Crisps 200G
ID_1016,Tesco British Cumberland Sausages 8 Pack 454G
ID_1017,Dove Men+Care Sport Active Fresh Antiperspirant Deodorant 250Ml
ID_1018,Budweiser Budvar Original 6X330ml Cans
ID_1019,Tesco Extra Virgin Olive Oil 1Ltr
ID_1020,Walkers Max Strong Hot Chicken Wings Crisps150g
ID_1021,Tesco Finest Parmigiano Reggiano 170 G
ID_1022,Indonesian Mie Stir Fry Spicy Instant Noodles 80G
ID_1023,Ocb Virgin Paper Slim & Filters Unbleached
ID_1024,Regular Cappuccino
ID_1025,Tesco Unsmoked Thick Cut Back Bacon 300G
ID_1026,Tesco Chunky Vegetable Pasta Sauce 500G
ID_1027,Tesco Healthy Living Chicken Breast Fillets 2 Pack 280G (C)
ID_1028,Warburtons Thin Bagels Plain 6 Pack
ID_1029,Yeo Valley Natural Yogurt 500G
ID_1030,Galaxy Smooth Milk Chocolate Bar 110g
ID_1031,Sharwoods Korma Sauce 420G
ID_1032,Tesco British Diced Chicken Breast 400G
ID_1033,Tesco Tenderstem Broccoli Tips 120G
ID_1034,Sprite 8x330ml
ID_1035,Tesco Tenderstem Broccoli Spears 330G
ID_1036,Oatly Barista Edition Oat Long Life Drink 1L
ID_1037,Tesco 12 British Pigs In Blankets 222G
ID_1038,L'or. Espresso Ristretto Coffee Pods X10 52G
ID_1039,Tesco Smoked Salmon Slices 300G
ID_1040,The Ice Co. Ice Cubes 2Kg
ID_1041,Mccain Crispy French Fries 1.8Kg
ID_1042,Captain Morgan Original Spiced Gold Rum Based Spirit Bottle 35% 1L
ID_1043,Tesco Smoked Rindless Back Bacon 300G
ID_1044,Yeo Valley Natural Greek Style Yogurt 450G
ID_1045,Naked Mango Machine Smoothie 300Ml
ID_1046,Buxton Sports Cap 500Ml
ID_1047,Tesco Stonebaked Spicy Meat Feast Pizza 305G
ID_1048,Yellow Tail Chardonnay 75Cl
ID_1049,Yellow Tail Pinot Grigio 75Cl
ID_1050,Whispering Angel Rose 750ml
ID_1051,Carlton Greeting Card 739087-0-1
ID_1052,Paper Salad Everyday Congrats! Medal JA21180
ID_1053,Dettol All In One Disinfectant Spray Crisp Linen 300ml
ID_1054,Tesco Whole Large Cucumber
ID_1055,Carex Aloe Vera Hand Gel 300Ml
ID_1056,Tesco Greek Feta Cheese 200 G
ID_1057,Carex Advanced Care Shea Butter Handwash 250Ml
ID_1058,Muller Light Fat Free Mango Psn/Fruit Peach Yogurt 6X140g
ID_1059,Tesco Red Onions 3Pack Minimum
ID_1060,Finest White Chocolate & Honeycomb Cookie 4 Pack
ID_1061,Paper Salad Everyday Thank You So Much! JA21186
ID_1062,Tesco Sliced Roast Cooked Chicken Breast 180G
ID_1063,Uk Greetings 735186Watermark Core Line
ID_1064,Tesco Mediterranean Inspired Platter 230G
ID_1065,Canti Rose Extra Dry 75Cl
ID_1066,Deli Kitchen 4 Greek Style Flatbreads 320G
ID_1067,Tesco Tuna Chunks In Spring Water 4 X 145G
ID_1068,Tesco Chocolate Hollow Reindeer 100G
ID_1069,Colgate Max White White Crystals Toothpaste 125ml
ID_1070,Tesco Cool Tortilla Chips 200G
ID_1071,Diet Coke 500Ml
ID_1072,Andrex Gentle Clean Toilet Tissue Standard Rolls 24 Rolls
ID_1073,Heinz Chicken Noodle Soup 400G
ID_1074,Heinz Cream Of Mushroom Soup 400G
ID_1075,Heinz Cream Of Tomato & Basil Soup 400G
ID_1076,Tesco White Pitta Bread 6 Pack
ID_1077,Tesco Parmigiano Reggiano 100G
ID_1078,Grower's Harvest Chopped Tomatoes 400G
ID_1079,Pilgrims Choice Mature Cheddar Cheese 550 G
ID_1080,Tesco Chestnut Mushrooms 250G
ID_1081,Philadelphia Light Low Fat Soft Cream Cheese 165G
ID_1082,Tesco Beef Lean Steak Mince 5% Fat 500G
ID_1083,Cadbury Fudge Chocolate Bar 5 Pack Multipack 110g
ID_1084,Wilkinson Sword Intuition Ultra Moisture Razor
ID_1085,Tesco Light Mayonnaise 450Ml
ID_1086,Tesco 2 Breaded Cod Fillets 300G
ID_1087,Tesco Braeburn Apple 5 Pack
ID_1088,Tesco Leeks 500G
ID_1089,Tesco Organic Carrots 700G
ID_1090,Tesco Baby Spinach 250G
ID_1091,Tesco Finest Crispy Garlic & Herb Chicken Escalope 320G
ID_1092,Growers Harvest Orange Juice Smooth 1L
ID_1093,Tesco Smoked Salmon 100g 
ID_1094,Philadelphia Light Low Fat Soft Cream Cheese 280G
ID_1095,Tesco Cherry Tomatoes 300G
ID_1096,Tesco Tuna Chunks In Spring Water 145G
ID_1097,Tesco Garlic Granules 56G
ID_1098,Tesco Soured Cream 284Ml
ID_1099,Lindahls Kvarg Stracciatella Pot 150G
ID_1100,Knorr Chicken Stock Cubes 8Â x 10g
ID_1101,Growers Harvest Tomato Passata 500G
ID_1102,Lindahls Kvarg Raspberry 150G Pot
ID_1103,Lindahls Kvarg Vanilla 150G Pot
ID_1104,Canti Cantiseco Vino Spumante Dry 75C
ID_1105,Tesco 2 Garlic Baguettes 410g
ID_1106,White Farmhouse Loaf Sliced 400G
ID_1107,Cadbury Twirl Chocolate Bars Multipack 5(+2 Free) X 19.4g
ID_1108,Ariel All In One Washing Liquid Pods Original 51 Washes 999.6G
ID_1109,Heinz Baked Beans No Added Sugar 3x200G
ID_1110,Always Ultra Day & Night Sanitary Towels Wit Wings Size 3 18 Pack
ID_1111,Simple Nourishing Kind To Skin Shower Gel 450ml
ID_1112,Tesco 240 Teabags 750G
ID_1113,Tesco Mild Salsa Dip 300G
ID_1114,Galaxy Milk Chocolate 42G
ID_1115,Hearty Food Co. 4 Breaded Fish Fillets 600G
ID_1116,Ballantine's Finest Blended Scotch Whisky 70cl
ID_1117,Tesco 50% Less Fat Soft Cheese 200G
ID_1118,Heinz Tomato Ketchup 50% Less Salt & Sugar 880G
ID_1119,Tesco British Diced Chicken Breast 650G
ID_1120,Little Duck Supreme Quilted Toilet Tissue 24 Rolls
ID_1121,Tesco Conchiglie Pasta Shells 1Kg
ID_1122,Goodfella's Gluten Free Margherita Pizza 328G
ID_1123,Tesco Low Fat Special Flakes Cereal 500G
ID_1124,Right Guard Women Invisible Power Antiperspirant Deodorant 250Ml
ID_1125,Sure Maximum Protection Sport Strength Antiperspirant Deodorant Cream 45ml
ID_1126,Tesco Plain Tortillas X8 320G
ID_1127,Tesco British Chicken Breast Portions 923G
ID_1128,Eastman's Sliced Cooked Chicken 240G
ID_1129,Tesco 30% Reduced Fat Extra Mature Cheese 400G
ID_1130,Philadelphia Lightest Low Fat Soft Cream Cheese 165G
ID_1131,Willow Farm Chicken Breast Portions 900G -1.2Kg
ID_1132,Fairy Non-Biological Pods Washing Liquid Pods 51 Washes 1086.3G
ID_1133,Tesco Panini 4 Pack
ID_1134,Hearty Food Co Garlic Twin Baguette 340G
ID_1135,Stockwell & Co Lightly Salted Tortilla 200G
ID_1136,Tesco 0% Fat Greek Style Yogurt 500G
ID_1137,Tesco Garlic & Herb Dressing 250Ml
ID_1138,Tesco Microwave Golden Vegetable Rice 250G
ID_1139,Kp Skips Cocktail Snacks 6 Pack Plus 2 Extra Free
ID_1140,Gosh Mediterranean Falafel 171G
ID_1141,Actimel Multifruit Immunity Live Yoghurt Drink Multipack 12X100g
ID_1142,Tesco Finest Free From Victoria Sponge Cake
ID_1143,Tesco Vanilla Flavour Frosting 400G
ID_1144,Cake Decor Chocolate & Salted Caramel Icing 76G
ID_1145,Tesco Milk Chocolate Raisins 200G
ID_1146,Fanta Fruit Twist 500ml
ID_1147,Shaken Udder Chocolush Milkshake 330Ml
ID_1148,Pepsi Max No Sugar Cola Bottle 500ml
ID_1149,Tesco Wine Gums Sweets 250G
ID_1150,Butterkist Toffee Popcorn 200G Plus 33% Free
ID_1151,Paper Salad Birthday Card Happy Birthday Balloons
ID_1152,Tesco A-Z Multivitamins & Minerals 90S
ID_1153,Colgate Total Advanced Freshening 100Ml
ID_1154,Sure Bright Bouquet Antiperspirant Deodorant 200ml
ID_1155,Nestle Milkybar Dessert 2X65g
ID_1156,Tesco Extracts Eucalyptus Antibacterial Handwash 500Ml
ID_1157,Tesco Lightly Dusted Plaice Fillets 265G
ID_1158,Tesco Finest 2 Smoked Haddock Fishcakes 290G
ID_1159,Papersalad Birthday Card Lovely Mum (Blank Inside)
ID_1160,Tesco Fusilli Pasta Twists 1Kg
ID_1161,JOHNSON'S Baby Cotton Buds 100 Buds
ID_1162,Walkers Baked Variety Multipack Crisps 6x22g
ID_1163,Tesco Butternut Squash Each
ID_1164,Knorr Vegetable Stock Cubes 8Â x 10g
ID_1165,Tesco Pimiento Stuffed Olives In Brine 340G
ID_1166,Tesco Cous Cous 500G
ID_1167,Tesco Green Seedless Grapes 500G
ID_1168,Tesco Reduced Fat Red Pesto 190G
ID_1169,Tesco Squeezy Clear Honey 340G
ID_1170,Heinz By Nature Chicken Dinner 6 Month Plus 120G
ID_1171,Waterwipes Biodegradable Baby Wipes 60 Pack
ID_1172,Tesco Organic Unsalted Butter 250G
ID_1173,Heinz Sweet Potato & Chicken Jar 120G
ID_1174,Guinness Cooking Paste 200G
ID_1175,Nido Instant Full Cream Milk Powder Tin 400g
ID_1176,Heinz By Nature Pasta Bolognese 6 Month Plus 120G
ID_1177,Ella's Kitchen Sweet Potato Pumpkin Apple & Blueberries 120G
ID_1178,Eastern Counties Baby New Potatoes 1Kg
ID_1179,Tesco Strawberries 600G +25% Ef (S)
ID_1180,Moet & Chandon Brut Imperial Non Vintage Champagne 75Cl
ID_1181,Gordon's Premium Pink Gin & Tonic Can 5% Vol 4x250ml
ID_1182,Tesco Houmous 170G
ID_1183,Tesco Large Seeded Burger Buns 4 Pack
ID_1184,Tesco 50 Refuse Sacks 50L
ID_1185,This Isn't Beef Plant Based Burgers 226G
ID_1186,Tesco Caramelised Onion Houmous 167G
ID_1187,Tesco Cut Chives 20G
ID_1188,Tesco Raw Squid Rings 150G
ID_1189,Tesco Scotch Eggs 2 Pack 227G
ID_1190,Tesco Extracts Magnolia Antibacterial Hand Wash 500Ml
ID_1191,Tesco BBQ Cape Hake Fillets 235g
ID_1192,Tesco Plant Chef Red Pepper & Bean Bangers 300G
ID_1193,Tesco Boneless Smoked Haddock 280G
ID_1194,Tesco Low Calorie Indian Tonic Water 1 Litre
ID_1195,Tesco Penne Pasta Quills 1Kg
ID_1196,Arla Protein Strawberry Yogurt With Spoon 200G
ID_1197,Tesco Special Flakes Red Berry Cereal 375G
ID_1198,Colgate White Teeth Toothpaste 75Ml
ID_1199,Tesco Milk Chocolate Bar 200G
ID_1200,Tesco Whole Wheat Spaghetti 500G
ID_1201,Tesco Italian Finely Chopped Tomatoes 400G
ID_1202,Tesco Ground Black Pepper 100G
ID_1203,MCVITIES LIGHT RICH TEA BISCUITS 300G
ID_1204,Blue Dragon Rice Vinegar 150Ml
ID_1205,Tesco 12 Beef Meatballs 360G
ID_1206,Tesco Finest Roasted Garlic Chicken Kiev With Salted Butter 385G
ID_1207,Hovis Seeded Batch 800G
ID_1208,Dolmio Pasta Bake Creamy Tomato Pasta Sauce 500G
ID_1209,Tesco Decaffeinated 80 Teabags 250G
ID_1210,Tesco 8 Gouda & Chorizo Rollitos 88G
ID_1211,Tesco Pineapple Chunks 300G
ID_1212,Tesco Mozzarella Balls Tomatoes 200G
ID_1213,Tesco 25 Cocktail Sausages 212G
ID_1214,Tesco Finest Mature Cheddar & Onion Crisps 150G
ID_1215,Tesco Guacomole Dip 163G
ID_1216,Sure Cotton Dry Antiperspirant Deodorant 200ml
ID_1217,Knorr Beef Stock Cubes 8x10g
ID_1218,Simple Kind To Skin Moisturising Handwash 250Ml
ID_1219,Cadbury Brunch Oats Raisin Chocolate Cereal Bar 5 Pack 160g
ID_1220,Always Ultra Size 1 Normal With Wings Sanitary Towels 13 Pack
ID_1221,Tesco Green Beans 220G
ID_1222,Tesco British Lincolnshire Sausages 8 Pack 454G
ID_1223,Tesco Citrus Antibacterial Wipes 120S
ID_1224,Tesco Beef Lean Steak Mince 5% Fat 750G
ID_1225,Tesco 50% Less Fat Creme Fraiche 300Ml
ID_1226,Blossomsoft Toilet Tissue White 24 Rolls
ID_1227,Carex Handwash Moisturiser Plus 250Ml+ 33% Extra Free
ID_1228,Tesco Curly Kale 180G
ID_1229,Tesco Sweet Potatoes 1Kg
ID_1230,Tesco Beautifully Balanced Greek Inspired Chicken & Feta Sandwich
ID_1231,Bonjela 15G
ID_1232,Tesco British Chicken Breast Portions 650G
ID_1233,Tesco Whole Wheat Fusilli Pasta 500G
ID_1234,Tesco Milk Chocolate Digestive Biscuits 300G
ID_1235,Tesco Ripe Bananas 5 Pack
ID_1236,Skinny Crunch Light Salted Caramel 5X19g
ID_1237,Ss22 F&F Tights 80 Denier Opaque Tigh Black M
ID_1238,Pizza Express La Reine Classic Pizza 290 G
ID_1239,Tesco All-In-One Dishwasher Tablets 40S Original 680G
ID_1240,Tesco Chicken Tomato & Basil Pasta Salad 300G
ID_1241,Diet Coke 330Ml
ID_1242,Tesco Finest 2 Battered Haddock & Tartare Sauce F/Cakes 315G
ID_1243,Tesco 12 Pork Sausages 681G
ID_1244,Tesco Reduced Fat Salad Cheese 200G
ID_1245,Pritt Stick 43G
ID_1246,Dove Silk Glow Body Wash Shower Gel 450ml
ID_1247,Tesco 30% Reduced Fat Mature Cheese 400G
ID_1248,Deli Kitchen 4 Sliced Focaccia 360G
ID_1249,Tesco 2 Breaded Chicken Breast Fillets 350G
ID_1250,Tesco Pure Vegetable Oil 1L
ID_1251,Lipton Ice Tea Peach Bottle 1.25L
ID_1252,Dr.Oetker Bicarbonate Soda 200G
ID_1253,Sarsons Distilled Malt Vinegar 568Ml
ID_1254,Robinsons Orange Squash N/A/S1.5L(1L+50%
ID_1255,I Heart Prosecco 75Cl
ID_1256,Papersalad Birthday Card Happy Birthday Pink Gin
ID_1257,Sensations Thai Sweet Chilli Crisps 150G
ID_1258,Philadelphia Garlic & Herbs Soft Cream Cheese 165G
ID_1259,Kellogg's Coco Pops 480G
ID_1260,Creamfields Lighter Mature Cheese 400G
ID_1261,Tesco Brown Onions Minimum 3 Pack 385G
ID_1262,Large Pink Lady Apples Loose Class 1
ID_1263,Whitworths Banana Chips 175G
ID_1264,Rowntree's Fruit Pastilles Sweets Sharing Bag 143g
ID_1265,Tesco Toastie White Bread Thick 800G
ID_1266,Tesco All Butter Pain Au Chocolat 2 Pack
ID_1267,Franco Manca Quattro Formaggi & Balsamic Glaze Pizza 454G
ID_1268,Tesco Cooked And Peeled King Prawns 160G
ID_1269,Tesco British Double Cream 150Ml
ID_1270,Tesco Carrots 1Kg
ID_1271,Seedless Grapes Pack 400G +25% Free Class1
ID_1272,Tesco Grated Parmigiano Reggiano 100G
ID_1273,Bisto Favourite Gravy Granules 190G
ID_1274,Tesco Celery
ID_1275,Tesco Lasagne Pasta 500G
ID_1276,Tesco Scented Candle Vanilla & Honey 95G
ID_1277,Tesco Carrot Batons 400G
ID_1278,Tesco British Unsalted Butter 250G
ID_1279,Tesco Pasta Bake Creamy Tomato & Herb 500G
ID_1280,New York Bakery Plain Bagels 5 Pack
ID_1281,Tesco Crushed Chillies 28G
ID_1282,Tesco Mint 30G
ID_1283,Psa Male Millimetre Psajj1855te
ID_1284,Kellogg's Rice Krispies Squares Marshmallow Snack Bars 4x28g
ID_1285,Tesco Whole Wheat Penne Pasta 500G
ID_1286,Always Ultra Size 4 Secure Night With Wings Sanitary Towels 8Pk
ID_1287,Always Ultra Size 3 Night With Wings Sanitary Towels 9 Pack
ID_1288,Always Ultra Size 2 Long With Wings Sanitary Towels 11 Pack
ID_1289,Tesco Iceberg Lettuce 200G
ID_1290,Tesco Strawberry Pencils 75G
ID_1291,Theos Ready Rolled Filo Pastry 250 G
ID_1292,Cathedral City Extra Mature Cheddar Cheese 550 G
ID_1293,Tesco 2 British Chicken Breast Fillets 300G
ID_1294,Tesco Italian Seasoning 18G ..
ID_1295,Tesco Fajita Seasoning 30G
ID_1296,Tesco Sour Cream Topping 280G
ID_1297,Muller Rice Low Fat Original Pudding 170G
ID_1298,Mud House Chile Sauvignon Blanc Rose 750Ml
ID_1299,Premium Seasonal Duo
ID_1300,Gordon's Pink Gin & Tonic Can 5% Vol 250ml 
ID_1301,Kopparberg Gin & Lemonade Strawberry & Lime 250ml
ID_1302,Tesco Italian Tomato Passata 500G
ID_1303,Surf Tropical Lily 3In1 Washing Capsules 32 Wash 678G
ID_1304,Tesco Finest 2 Salmon Spinach & Lemon Fishcakes 290G
ID_1305,Sanex Expert Skin Health+ Hypoallergenic Shower Gel 515Ml
ID_1306,Arla Protein Raspberry Yogurt 200G
ID_1307,Tesco Fine Beans 200G
ID_1308,Tesco Finest 2 Cod & Parsley Fishcakes 290G
ID_1309,Tesco Chicken & Avocado Sandwich
ID_1310,Canti Prosecco Spumante 75Cl
ID_1311,Tesco Large Chocolate Cake
ID_1312,Cadbury Fingers Mini Chocolate Biscuits 6 Pack Multipack 115.8g
ID_1313,Gosh Beetroot Falafel With Red Pepper 300G
ID_1314,HP Fruity Brown Sauce Top Down 470g
ID_1315,Tesco Blueberries 150G+100% X/Free
ID_1316,Tesco Raspberries 150G
ID_1317,Tesco Organic Balsamic Vinegar Of Modena 250Ml
ID_1318,Tesco Red Onions Loose
ID_1319,Tesco Worcester Sauce 150Ml
ID_1320,Amoy Dark Soy Sauce 150Ml
ID_1321,Cathedral City Mature Cheddar Cheese 550 G
ID_1322,Carex Advanced Protect Moisturising Hand Wash 250Ml
ID_1323,Tesco Sink & Drain Unblocker 500Ml
ID_1324,"Tesco British Skimmed Milk 1.136L, 2 Pints"
ID_1325,Trio Of Olive Bloomer
ID_1326,Maltesers Kingsize 58.5G
ID_1327,Sure Women Bright Antiperspirant Deodorant 250Ml
ID_1328,Tesco Turkey Trimmings Wrap
ID_1329,Colgate Triple Action Toothpaste 100Ml
ID_1330,Tesco Tuna Chunks In Brine 145G
ID_1331,Tesco Reduced Sugar And Salt Baked Beans In Tomato Sauce 420G
ID_1332,Gillette Venus Extra Smooth Women's Razor
ID_1333,Tesco Reduced Fat Green Pesto 190G
ID_1334,Tesco Handy Sudoku Collec
ID_1335,Green & Black's Organic 85% Dark Chocolate Bar 90g
ID_1336,Granulated Sugar 1Kg
ID_1337,Tesco Tomato Puree 200G
ID_1338,Tesco Garlic Baguette 205G
ID_1339,Cadbury Fudge 6X22g
ID_1340,Cadbury Crunchie Rocks Chocolate Bag 110g
ID_1341,Easibake Gluten Free Garlic Baguette 170G
ID_1342,Campo Viejo Rioja Tempranillo 75Cl
ID_1343,Heinz Vegetable Soup 400G
ID_1344,Tesco 30% Less Fat Halloumi 225G
ID_1345,Heinz Cream Of Chicken & Mushroom Soup 400G
ID_1346,Muller Light Greek Style Lemon Yogurt 4X115g
ID_1347,Heinz Cream Of Chicken Soup 400G
ID_1348,Gosh Mediteranean Falafel 200G
ID_1349,Knorr Rich Beef Stock Pot 4Â x 28g
ID_1350,Tesco Free From Spaghetti 500G
ID_1351,Heinz Carrot & Coriander Soup 400G
ID_1352,Tesco Smoked Bacon Lardons 200G
ID_1353,Sure Bright Bouquet Roll-On Antiperspirant Deodorant 50ml
ID_1354,Tesco Chunky Flame Grilled Chicken 140G
ID_1355,Tesco Wheat Biscuits Cereal 48 Pack
ID_1356,Grower's Harvest Garden Peas 900G
ID_1357,Tesco Mascarpone Cheese 250 G
ID_1358,Tesco Spinach 500G
ID_1359,CNTY FF  SOCKS SS22 5PK STRIPE WHITE      9/12
ID_1360,Nivea Moisturising Sun Spray Spf30 200Ml
ID_1361,Tesco Carbonara Sauce 340G
ID_1362,Warburtons White Gluten Free Bread Sourdough 400G
ID_1363,Tetley Original 120 Teabags 375G
ID_1364,Tesco Sourdough Rye Bloomer
ID_1365,Tesco Smoked Salmon Slices 180G
ID_1366,Tesco Diced Chorizo 130G
ID_1367,Tesco British Single Cream 150Ml
ID_1368,Tesco Garlic Powder 45G ..
ID_1369,Warburtons 5 Pack Bagels Plain
ID_1370,Tesco Cheese Balls Snacks 150G
ID_1371,Tesco Easy Cook Basmati Rice 1Kg
ID_1372,Sure Women Cotton Dry Antiperspirant Deodorant 250Ml
ID_1373,Tesco Ciabatta Roll 4 Pack
ID_1374,Muller Light Toffee Yogurt 160G
ID_1375,Tesco Tie Top Bin Bags 50L X 20 Pack
ID_1376,Tesco Breaded Chicken Steaks 4 Pack 505G
ID_1377,Robinsons Double Strength Orange No Added Sugar Squash 1L
ID_1378,Moet & Chandon Non Vintage Rose Gbx 75Cl
ID_1379,Tesco Wheat Biscuits Cereal 24 Pack
ID_1380,Creamfields Soft Cheese 200G
ID_1381,Tanqueray Flor de Sevilla Gin & Tonic Ready to Drink Premix 250ml
ID_1382,Tesco Watercress Spinach & Rocket 120G
ID_1383,Tesco Spicy Bean Wrap
ID_1384,Tesco Large Braeburn Apples Loose
ID_1385,Tesco Babyleaf Salad 90G
ID_1386,Tesco Spreadable Goats Cheese 150G
ID_1387,Heck Chicken 10 Italia Sausages 340G
ID_1388,Tesco Ripe & Ready French Brie 190G
ID_1389,Tesco Tuna Chunks In Sunflower Oil 145G
ID_1390,Tesco Finest 4 White Rolls With Sourdough
ID_1391,Wall's Solero Exotic Ice Cream Sticks 3x90ml
ID_1392,Jordans Simply Granola 750G
ID_1393,Tesco Clear Honey 454G
ID_1394,Rosedene Farms Blueberries 125G
ID_1395,Robinsons Double Strength Orange No Added Sugar Squash 1.75L 
ID_1396,Tesco 20 Extra Strong Drawstring Refuse Sacks 50L
ID_1397,Orchid Giftbox Each
ID_1398,Harry Brompton's Black Ice Tea With Peach 500Ml
ID_1399,Nivea Moisturising Sun Spray F50+ 200Ml
ID_1400,Oral-B Complete Toothpaste Fresh Mint 100Ml
ID_1401,Fairy Non Biological Pods 26 Washes 626.6G
ID_1402,Kettle Chips Sea Salt & Balsamic Vinegar Crisps 150 G
ID_1403,Tesco Strawberry Seedless Jam 454G
ID_1404,Tesco 2 Chicken Breast Garlic Kievs 295G
ID_1405,Tesco Cheese & Tomato Pasta 300G
ID_1406,Skips Prawn Cocktail Grab Bag Crisps 35G
ID_1407,Cadbury Dairy Milk Chocolate Bar 4 Pack Multipack 134g
ID_1408,Palmolive Milk & Honey Handwash 300Ml
ID_1409,Cathedral City Mature Cheddar 350G
ID_1410,Tesco Onion & Garlic Pasta Sauce 500G
ID_1411,Kelly's Cornish Clotted Cream Ice Cream 950Ml
ID_1412,Tesco Finest 8 Belgian Chocolate Profiteroles 161G
ID_1413,Tesco 2 Sticky Toffee Puddings 235G
ID_1414,Wicked Kitchen 2 Improper Meat Free Burgers 226G
ID_1415,Gratien & Meyer Cremant De Loire Brut 75Cl
ID_1416,Bumper Tulips Each
ID_1417,Muller Rice Original 180G
ID_1418,Tesco British Crumbed Ham Slices 125 G
ID_1419,Hearty Food Co. 4 Breaded Chicken Steaks 505G
ID_1420,Heinz Beanz In Tomato Sauce 415G
ID_1421,Tesco Large Wholemeal Baps 4 Pack
ID_1422,Tesco Cherry Tomatoes 330G
ID_1423,Tesco Mild Chilli Powder 50G
ID_1424,Tesco Lightly Salted Tortilla Chips 175G
ID_1425,Birds Eye Garden Peas 1.2Kg
ID_1426,Philadelphia Light 340G
ID_1427,Richmond 8 Thick Pork Sausages 410G
ID_1428,Jaffa Clementine Or Sweet Easy Peeler 600G
ID_1429,Light Philadelphia Soft Cheese 200G
ID_1430,Loyd Grossman Tomato & Basil Pasta Sauce 350G
ID_1431,Cathedal City Mature Lighter 550G
ID_1432,Kellogg's Rice Krispies Cereal Milk Bars 6X20g
ID_1433,Tesco Pillows With Milk Chocolate Filling 375G
ID_1434,Richmond 8 Meat Free Sausages 336G
ID_1435,Heinz Top Down Squeezy Tomato Ketchup Sauce 910
ID_1436,Tesco Tomato Mascarpone Pasta Sauce 500G
ID_1437,Hula Hoops Puft Salted Crisps 6 X 15 G
ID_1438,Tesco No Added Water Honey Roast Ham 132G
ID_1439,Tesco Strawberries 227G
ID_1440,Fibre One 90 Calorie Salted Caramel Drizzle Squares 5 x 24g (120g)
ID_1441,Fibre One 90 Calorie Chocolate Fudge Brownies 5 x 24g
ID_1442,Robinsons Double Strength Orange & Pineapple Squash 1.75L 
ID_1443,"Tesco British Semi Skimmed Milk 3.408L, 6 Pints"
ID_1444,Dove Bodywash 450Ml Renewing Glow
ID_1445,Philadelphia Lightest 180G
ID_1446,Pizza Express Garlic & Mozzarella Flatbread 185G
ID_1447,Bella Cucina Prosecco 75Cl
ID_1448,Terry's Chocolate Orange Milk Chocolate Box 157G
ID_1449,Kingsmill 50/50 Medium Bread 800G
ID_1450,Knorr Chicken Stock Pot 4Â x 28g
ID_1451,British Ales Selection Gift Set 3 X 500Ml
ID_1452,Pizza Express Classic Margherita Pizza 447G
ID_1453,Pizza Express Original Dough Balls 95G
ID_1454,Hovis Small Seven Seeds Original 400G
ID_1455,Warburtons Danish Sliced Small White Bread 400G
ID_1456,Tesco Feta Stuffed Peppers 180G
ID_1457,Tesco Tiger Rolls 4 Pack
ID_1458,Heinz No Added Sugar Cream Of Tomato Soup 400G
ID_1459,Colgate Deep Clean Whitening Toothpaste 125Ml
ID_1460,Tesco Arbol Chilli Flakes 35G
ID_1461,F&F Tights 3 Pack 40 Denier Opaque Black Xl
ID_1462,Homepride Pasta Bake Creamy Tomato & Bacon 485G
ID_1463,Heinz Spaghetti In Tomato Sauce 200G
ID_1464,Tesco Southern Fried Breaded Chicken Steaks 4 Pack 505G
ID_1465,Quorn Meat Free Mince 350G
ID_1466,Rosedene Farms Braeburn Apples 6 Pack
ID_1467,Alpro Oat No Sugar Chilled Dairy Free Drink 1L
ID_1468,Kellogg's Special K Original Breakfast Cereal 500g
ID_1469,Heck Meat-Free Vegan Sausages 10 Pack 300G
ID_1470,Warburtons Small Seeded Batch Bread 400G
ID_1471,Tesco Hash Browns 750G
ID_1472,Tesco Fat Free Vinaigrette Dressing 250Ml
ID_1473,Tesco Organic Greek Feta Cheese 200 G
ID_1474,Tesco Luxury Soft 24 Roll White
ID_1475,Tesco Dried Oregano 14G
ID_1476,Gordon's Gin & Tonic 250Ml Can
ID_1477,Tesco Tropical Tray 250G
ID_1478,Tesco Tuna & Sweetcorn Pasta 300G
ID_1479,Tesco Beautifully Balanced Indian Inspired Onion Bhaji 255G
ID_1480,Tesco Prawn Mayonnaise Sandwich
ID_1481,For Goodness Shakes Protein Strawberry 475Ml
ID_1482,Tesco Luxury Soft White Toilet Tissue 6 Long Rolls
ID_1483,Tesco Red Onions (C)
ID_1484,The Original Oatly Whole Oat Long Life Drink 1L
ID_1485,Kind Protein Caramel Nut 50g
ID_1486,Magnum White Chocolate Ice Cream Sticks 3x100ml
ID_1487,Tesco Green Seedless Grapes Pack 500G (C)
ID_1488,Cadbury Crunchie Chocolate Bars Multipack 5(+2 Free) X 40g
ID_1489,Lemsip Max Cold & Flu Lemon Sachets Paracetamol 10 Pack
ID_1490,Carnation Sweetened Condensed Milk 397g
ID_1491,Lotus Biscuit Spread Smooth 400G
ID_1492,Graham's The Family Dairy Protein 25G Strawberry Pack 200G
ID_1493,Tesco Seedless Grape Select Pack 500G +50% Extra Free (C)
ID_1494,Naked Green Machine Apple Banana Smoothie 300Ml
ID_1495,Tesco Cheese & Onion Sandwich
ID_1496,Tesco All Butter Shortbread Petticoat Tails 450G
ID_1497,Fulfil Chocolate Caramel Vitamin & Protein Bar 40G
ID_1498,Tesco Scented Candle Rhubarb & Elderberry 95G
ID_1499,Ferrero Raffaello Coconut & Almond Pralines 230G
ID_1500,Canderel Granular Sweetener 75G
ID_1501,Ufit High Protein Milkshake Drink Strawberry 330Ml
ID_1502,Nestle Curiously Cinnamon 375G
ID_1503,Tesco Finest Wholemeal Seeds And Grains Bread 800G
ID_1504,Sensations Thai Sweet Chilli 150G
ID_1505,Quality Street Matchmakers Honeycomb 120G
ID_1506,Tesco Strawberry Trifle 600G
ID_1507,Butterkist Toffee Popcorn 200G
ID_1508,FOLIAGE
ID_1509,Tesco Large Pineapple Each
ID_1510,Perfectly Imperfect Strawberry 227G
ID_1511,Halal Breast Bulk
ID_1512,Tesco Tagliatelle Pasta 500G
ID_1513,Rosedene Farms Small Apple 6 Pack
ID_1514,Tesco Raspberries 150G +50%Ef
ID_1515,Tesco 0% Fat Greek Style Yogurt 1Kg
ID_1516,Fanta Zero Strawberry & Kiwi 500ml
ID_1517,Cadbury Wispa Chocolate Duo Bar 47.4G
ID_1518,Oasis Summer Fruits 500 M
ID_1519,Tesco Fresh Potato Gnocchi Pasta 400 G
ID_1520,Tesco Medium Curry Powder 80G
ID_1521,Tesco Salmon Teriyaki Rice Bowl 290G
ID_1522,Tesco Portobello Flat Mushrooms 150G
ID_1523,Tesco Spaghetti Rings In Tomato Sauce 410G
ID_1524,Hartleys Multi No Added Sugar Strawberry Jelly 6 X 115G
ID_1525,Nissin Demae Ramen Sesame Noodles 100G
ID_1526,Tesco Finest 6 Free Range Chestnut Maran Eggs
ID_1527,Tesco Quadruple Strength Apple & Blackcurrant No Added Sugar 750Ml
ID_1528,Tesco Folding Camping Chair green
ID_1529,Tesco Folding Camping Chair Burgundy
ID_1530,T.P/Chef Mexican Inspired Falafel & Rice Salad 235G
ID_1531,The Collective Plant-Based Yogurt Alternative Raspberry 135G
ID_1532,Tesco Caramelised Onion Houmous 182G
ID_1533,Tesco Cherry Tomatoes 300G (C)
ID_1534,Tesco Toffee Popcorn 175G
ID_1535,Napolina Spaghetti Box 500G
ID_1536,Princes Tuna Chunks In Sunflower Oil 4X145g
ID_1537,Quaker Oat So Simple Golden Syrup Porridge Sachets 10x36g
ID_1538,Tesco Mixed Peppers 420G (C)
ID_1539,Warburtons Soft & Sliced Sesame Bagels 5 Pack
ID_1540,Quaker Oat So Simple Apple & Blueberry Porridge Sachets 10x36g
ID_1541,Maryland Chocolate Chip Cookies 200G
ID_1542,BelVita Breakfast Soft Bakes Blueberry 5 Pack 250g
ID_1543,Pom Bear Original Crisps 6 X 13G
ID_1544,Sacla Classic Basil Pesto 290G 50% Extra Free
ID_1545,Fox's Jam Sandwich Creams 150G
ID_1546,Hellmann's Real Mayonnaise Squeezy 430ml
ID_1547,Kellogg's Crunchy Nut Breakfast Cereal 500g
ID_1548,Tesco Cheesy Chips 400G
ID_1549,The Laughing Cow Light Cheese Spread Triangles 16Pk 267G
ID_1550,Tesco Guacamole Dip 163G
ID_1551,Tesco Finest Super Nutty Granola 500G
ID_1552,Tesco Mushroom Stir Fry Mix 320G
ID_1553,Tesco Sweet Crisp Salad 128G
ID_1554,Crespo Pitted Black Olives 354G
ID_1555,Hartleys Strawberry 10Cal Jelly 175G
ID_1556,The City Kitchen Fire Banger Sauce 150G
ID_1557,Babybel Light Cheese Apple & Grape 75G
ID_1558,Kellogg's Frosties Cereal 500G
ID_1559,Cadbury Milk Chocolate Fingers 125G
ID_1560,Cathedral City Lighter Mature Cheese 350 G
ID_1561,Arla Bob Skimmed Milk 2 Litre
ID_1562,Kit Kat 2 Finger Milk Chocolate Biscuit Bar Multipack 9 Pack
ID_1563,Jason's Sourdough Loaf Straight Up Great White 450G
ID_1564,Starbucks Double Shot Expresso 200Ml
ID_1565,Toblerone Orange Twist Milk Chocolate Bar 360g
ID_1566,Innocent Tropical Juice 900Ml
ID_1567,Tesco Organic Whole Cucumber
ID_1568,Jacobs Cream Crackers 300G
ID_1569,Tesco Finest Rye & Mixed Seed Sourdough 400G
ID_1570,Tesco No Added Water Cooked Ham 132G
ID_1571,Fred & Flo 60 Biodegradable Fragrance Free Wipes
ID_1572,Tesco Chocolate & Caramel Ice Creams 3X110ml
ID_1573,Starbucks Caffe Latte Coffee Drink 330Ml
ID_1574,Red Bull Sugar Free Energy Drink 250Ml
ID_1575,Old El Paso Smoky Bbq Fajita Seasoning Mx 35G
ID_1576,Schwartz Mixed Herbs 7G
ID_1577,Tesco British Soured Cream 150Ml
ID_1578,Mission Deli Wheat & White Wraps 6 Pack 367G
ID_1579,Tesco 50% Reduced Fat Mature Grated Cheese 250G
ID_1580,Tesco Cooked & Peeled King Prawns 150G
ID_1581,Tesco Raspberries 150G Plus 50% Extra Free (C) (W)
ID_1582,Tesco Gold Kiwi 4 Pack
ID_1583,Dreamies Cat Treat Biscuits with Chicken 60g
ID_1584,Green Giant Original Sweet Corn 198G
ID_1585,Lindt Milk Chocolate & Hazelnut Choco Wafer Bar 30G
ID_1586,Tesco Strawberries 250G (C)
ID_1587,Tesco Organic Fair Trade Bananas 5 Pack
ID_1588,M&M's Crunchy Peanut & Milk Chocolate Bites Pouch Bag 125g
ID_1589,Tesco Gala Apple Minimum 5 Pack (C)
ID_1590,M&M's Crispy Milk Chocolate Bag 107g
ID_1591,Muller Corner Strawberry Yogurt 136G
ID_1592,Muller Corner Vanilla Yogurt With Chocolate Balls 124G
ID_1593,Tesco No Added Waterhoney Roast Ham 142G
ID_1594,Napolina Fusilli Pasta 500G
ID_1595,Tesco Chicken Breast Fillets 300G (C)
ID_1596,The Skinny Cookie Co Chocolate Chip Cookies 165G
ID_1597,Dettol Multi Purpose Citrus Wipes 70S
ID_1598,Hovis Wholemeal Medium Bread 800G
ID_1599,Tesco Belgian Chocolate Eclair 4 Pack
ID_1600,Kinder Chocolate 4 Pack 50G
ID_1601,Reese's Peanut Butter Cups 2 Pack 42G
ID_1602,Milky Way Magic Stars Milk Chocolate Bag 100g
ID_1603,Kinder Milk Chocolate & Hazelnut Mini Eggs 75G
ID_1604,Tesco Wild Rocket 60G
ID_1605,Colman's Bramley Apple Sauce 155G
ID_1606,Tesco Broccoli Florets 200G
ID_1607,Tesco Egg Mayonnaise Sandwich Filler 235g (C)
ID_1608,Tesco Suntrail Plum 400G (C)
ID_1609,Munch Bunch Double Up Strawberry Vanilla Yogurt 4 X85g
ID_1610,Lindt Lindor Chocolate Treat Bar 38G
ID_1611,Reese's Milk Chocolate Peanut Butter Mini Eggs 70g
ID_1612,Haribo Starmix 175G
ID_1613,M&M's Milk Chocolate Bites Pouch Bag 125g
ID_1614,La Famiglia Rana Prosciutto & Mozzarella Tortelloni 250G
ID_1615,Tesco Spinach & Ricotta Fresh Tortelloni 300g
ID_1616,Tesco Led Classic 100W Bayonet Cap 2 Pack
ID_1617,Tesco Citrus Antibacterial Wipes 40 Wipes
ID_1618,Lurpak Unsalted Spreadable Butter Rapeseed Oil 400G
ID_1619,Magicorn EazyPop M/wave Popcorn Sltd Flavour 85g
ID_1620,Tesco British Garden Peas In Water 290G
ID_1621,Tesco Tuna Sweetcorn Sandwich Filler 235g (C)
ID_1622,Snickers Milk Chocolate Bars 4 X 41.7G
ID_1623,"Tesco Organic Free Range Whole Milk 1.136L, 2 Pint"
ID_1624,Tesco Extra Thick Double Cream 300Ml
ID_1625,Tesco Microwave Basmati Rice 250G
ID_1626,Tropicana Pineapple Juice 850Ml
ID_1627,Persil Non Bio Laundry Washing Liquid Detergent 53 Washes 1431ml
ID_1628,Tesco British Single Cream 300Ml
ID_1629,Red Bull Energy Drink 4 X 250Ml
ID_1630,Goplana Grzeski Chocolate Wafer 39G
ID_1631,Dreamies Cat Treat Biscuits with Cheese 60g
ID_1632,Seachill Cooked& Peeled King Prawns 150G
ID_1633,Gourmet Revelations Cat Food Chicken 4X57G
ID_1634,Kinder Bueno Milk & Hazelnut Chocolate Bars Multipack 4 X 43g
ID_1635,Colgate Triple Action Toothpaste 75Ml
ID_1636,Green Giant Salt Free Sweetcorn 198G
ID_1637,Walkers Wotsits Giants Cheese Snacks 130g
ID_1638,Crosta & Mollica Crostini Chilli 150G
ID_1639,Tropicana Tropical Juice 850Ml
ID_1640,Tropicana Smooth Orange Juice 900Ml
ID_1641,Tesco British Smoked Ham 120G
ID_1642,Tesco Mashed Potato 450G
ID_1643,Twix 16 Fun Size Chocolate Bars Multipack 16 X 20g
ID_1644,Tesco Salmon & Trout Cat Stick Treats 30G
ID_1645,Doritos Tortilla Chips Burger King Flame Grilled Whopper 180g
ID_1646,Tesco Cooked And Peeled King Prawns 150G
ID_1647,Tesco Triple Chocolate Ice Cream 900Ml
ID_1648,Tesco Grated 30% Reduced Fat Mature Cheese 250G
ID_1649,Najma Mini Chicken Smoked Sausages 400G
ID_1650,Walkers Max Pizza Hut Texan Bbq Crisps 140G
ID_1651,Crespo Pitted Green Olives 354G
ID_1652,Mcvities Milk Chocolate Digestive 266G
ID_1653,De Cecco Pasta Conchiglie Rigate 500G
ID_1654,Milky Way Chocolate Fun Size Bars Multipack 15x15.5g
ID_1655,Kinder Milk Slice Milk And Honey 3 X 28G
ID_1656,Tesco German Style Salami 12 Slices 125G
ID_1657,Leerdammer Light Cheese Slices 160g 
ID_1658,Abra-Ca-Debora Buttermilk Pancakes 240G
ID_1659,Tropicana Pressed Apple Juice 900Ml
ID_1660,Jutrzenka Familijne Chocolate Wafers 180G
ID_1661,Dawtona Pickled Gherkins 900G
ID_1662,Tesco 100% Pressed Apple Juice 1 Litre
ID_1663,Tahira Chicken Smoked Sausages Hot Dogs 500G
ID_1664,Tesco Mussel 150G
ID_1665,Tesco All Butter Almond Croissant 2 Pack
ID_1666,Jutrzenka Jezyki Classic Biscuits 140G
ID_1667,Tahira Poultry Frankfurter Hot 330G
ID_1668,Muller Corner Strawberry Peach & Apricot Yogurts 6 X 136G
ID_1669,Carex Advanced Care Coconut Oil Hand Wash 250ml 
ID_1670,Cadbury Timeout Wafer Chocolate Biscuit 6 Pack Multipack 121.2g
ID_1671,Mars Chocolate Bars 4 X 39.4G 157.6G
ID_1672,Tesco Sausage & Ham Fresh Tortelloni 300g
ID_1673,Naked Noodle Sweet Chilli Flavour 78G
ID_1674,Tesco Chocolate Brownie Bites 20 Pack
ID_1675,Creamfields Double Cream 300Ml
ID_1676,Fred & Flo 60 Biodegradable Fragranced Wipes
ID_1677,Sabra Houmous Extra 200G
ID_1678,Tesco British Medium Grated Cheddar Cheese 250 G
ID_1679,Tesco Fat Free Cottage Cheese 300G
ID_1680,Ritz Crackers Box 200g
ID_1681,Herta Chicken Frankfurter Hot Dogs 10 Pack 350G
ID_1682,Lion White Duo Chocolate Bar 60g
ID_1683,Tesco Mash Potato 400G
ID_1684,Tesco Tuna & Sweetcorn Sandwich Filler 250G
ID_1685,Yeo Valley Honey Greek Style Yogurt 450G
ID_1686,Tesco Vanilla Creme Crown
ID_1687,Tropicana Orange & Mango Juice 850Ml
ID_1688,Don Simon Orange Juice Smooth 1Ltr
ID_1689,"Tesco Organic British Semi Skimmed Milk 1.136L, 2 Pint"
ID_1690,Hovis White Bread 450G
ID_1691,Tesco Express Baby Plum Tomatoes 300G
ID_1692,Webbox Chicken Lick-E-Lix Cat Treats 5 X15g
ID_1693,Cornetto Classic Ice Cream Cones 6x90ml
ID_1694,Raid Fly & Wasp Killer 300Ml Plus 33% Free
ID_1695,Bonne Maman Strawberry Conserve370g+20%
ID_1696,Doritos Tortilla Chips Chilli Heatwave Multipack Crisps 5x24g
ID_1697,Doritos Tortilla Chips Triple Cheese Pizza Sharing Bag Crisps 180g
ID_1698,Blue Riband Milk Chocolate Biscuit Bar Multipack 8 Pack
ID_1699,innocent Smoothie Guavas Pineapples & Apples 750ml
ID_1700,Starbucks Caramel Macchiato Flavoured Coffee 750Ml
ID_1701,Diet Coke 8X330ml
ID_1702,Inch's Medium Apple Cider Bottle 500ml
ID_1703,Pulpt Flare Superior South West Cider 500Ml
ID_1704,Aspall Premier Cru 500Ml
ID_1705,Mars Bounty Milk Chocolate Bars Multipack 4 X 71.2g
ID_1706,Starbucks Caffe Latte Chilled Coffee 750Ml
ID_1707,Sprite Zero Sugar 8x330ml
ID_1708,Tesco Tie Top Garden Sacks 10 Pack (80L)
ID_1709,Barny Chocolate Soft Baked Bears Biscuits 5 Pack Multipack 125G
ID_1710,Comfort Blue Fabric Conditioner 85 Wash 3L
ID_1711,Activia Strawberry Gut Health Yoghurt 4x115g
ID_1712,Maltesers Milk Chocolate Bag 102g
ID_1713,Old El Paso Regular Super Soft Flour Tortillas 8Pk 326G
ID_1714,Warburtons Small Wholemeal Medium Bread 400G
ID_1715,Comfort Sunshiny Days Fabric Conditioner 85 Wash 3L
ID_1716,Snickers Milk Chocolate Bars Multipack Chocolate 4x41.7g
ID_1717,Wrigley's Extra Spearmint Gum Sugar Free 3 X 12.6G
ID_1718,Ferrero Rocher Classic Ice Cream Sticks 4 X 70Ml
ID_1719,Red Bull Sugar Free Strawberry & Apricot Summer Edition 355Ml
ID_1720,Tesco 100% Pure Squeezed Orange Smooth 1 Litre
ID_1721,Red Bull The Red Edition Watermelon 355Ml
ID_1722,Princes Tuna Chunks In Brine 4X145g
ID_1723,Flora Pure Sunflower Oil 1L
ID_1724,T. MARIS PIPER POTATOES 2.5KG
ID_1725,Tropicana Tropical Fruit Juice 1.7 Litres
ID_1726,Bounty Milk Single 57G
ID_1727,Starbucks Mocha Frappuccino 250Ml
ID_1728,Tesco Finest Sun Dried Tomato & Red Wine Concentrated Sauce 265G
ID_1729,Reese's Milk Chocolate & Peanut Butter Eggs 4X34g
ID_1730,Schwartz Chicken Casserole Recipe Mix 36g
ID_1731,Lindt Milk Chocolate Egg With Assorted Truffles 348G
ID_1732,Yorkshire Provender Roast Chicken & Vegetable Soup 600G
ID_1733,Persil 3 In 1 Colour Capsules 38 Capsules 1026G
ID_1734,Organic Lemon Mineral 3 Pack(C)
ID_1735,Sarsons Malt Vinegar 250Ml
ID_1736,Nescafe Gold Cappuccino Coffee Sachets 8x15.5g
ID_1737,Tesco Mango 450G
ID_1738,Gourmet Mon Petit Fish Selection 6X50g
ID_1739,Princes Tuna Chunks In Spring Water 4X145g
ID_1740,Tesco All Butter Shortbread Fingers 250G
ID_1741,Grenade Cookie Dough Protein Bar 60G
ID_1742,Napolina Penne Pasta 500G
ID_1743,Cadbury Chocolate Mini Egg Bag 296G
ID_1744,Fage Total 0% Fat Greek Recipe Yogurt 150G
ID_1745,Kit Kat Chunky Milk Chocolate Bars Multipack 40g 4 Pack
ID_1746,Warburtons Brown Sandwich Thins 6 Pack
ID_1747,Milka Chocolate Hazelnut Bar 100G
ID_1748,Haagen-Dazs Fruit Mini Cups Ice Cream 4X95ml
ID_1749,Highland Spring Still Water 1.5Ltr
ID_1750,Tesco Melon Slices 450G
ID_1751,Perfectly Ripe Gem Avocado Gem Avocado
ID_1752,Fage Total 0%Fat Greek Recipe Yogurt 450G
ID_1753,Tropicana Orange & Mango Juice 1.7 Litres
ID_1754,Tesco All Butter Almond Croissant (C)
ID_1755,Kinder Bueno Bar 43G
ID_1756,Emmi Caffe Latte Mr Big Caramel 370ml
ID_1757,Kinder Joy Egg 20G
ID_1758,Yeo Valley Honey Greek Style Yogurt 4 X100g
ID_1759,Tesco Luxury Soft Quilted Toilet Tissue 6 Long Rolls
ID_1760,Kinder Surprise Egg 20G
ID_1761,Delicious Desserts Sticky Toffee Eclair 2Pack
ID_1762,Chicago Town Large Takeaway Pepperoni Pizza 645G
ID_1763,Rowntrees Fruit Pastille Lollies 520Ml 100% Extra
ID_1764,RYVITA Cracked Black Pepper Crispbread 200g
ID_1765,Tropicana Smooth Orange Juice With No Juicy Bits 1.7L
ID_1766,Casillero Del Diablo Sauvignon Blanc 75Cl
ID_1767,Wasabi Chicken Katsu Curry With Rice 450G
ID_1768,Emmi Caffe Latte Cappuccino Big Ready To Drink 370Ml
ID_1769,Cadbury Dairy Milk Winter Orange Crisp 360G
ID_1770,Nutella Biscuits 20 Pieces 276G
ID_1771,Tesco Ginger 125G
ID_1772,Oranges Loose (C)
ID_1773,Jaffa Clementine 800G (C)
ID_1774,Monster Energy Drink Ultra 4x500ml
ID_1775,Ferrero Rocher White Chocolate & Hazelnut Bar 90G
ID_1776,Mcvities Toasting Waffles 12 For 8 Pack
ID_1777,Vineyards Mulled Wine 75Cl
ID_1778,Tesco Salt & Pepper Cracker 185G
ID_1779,Tesco Blackberries 150G (C)
ID_1780,Tesco Free Range Egg Mayonnaise Sandwich
ID_1781,Cadbury Dairy Milk Fruit and Nut Chocolate Bar 180g
ID_1782,Monster Energy Drink Ultra Fiesta Mango 4x500ml
ID_1783,Kit Kat 2 Finger Dark Chocolate Biscuit Bar Multipack 9 Pack
ID_1784,Toblerone Milk Chocolate Bar 360g
ID_1785,Activia Peach No Added Sugar Fat Free Gut Health Yoghurt 4x115g
ID_1786,The Collective Raspberry Yogurt 500G
ID_1787,Shazans Halal Beef Mince 500G
ID_1788,Lurpak Slightly Salted Spreadable Blend of Butter and Rapeseed Oil 250g
ID_1789,BelVita Breakfast Biscuits Strawberry & Yogurt Crunch 5 Pack 253G
ID_1790,Nestle Kit Kat Fair Trade 4 Finger Milk Chocolate Bars Multipack 5 X 45g
ID_1791,Royal Flush Playing Cards
ID_1792,Tesco Finest Roasted Hazelnut Yogurt 150G
ID_1793,Mcvitie's Jaffa Cakes 10 Pack
ID_1794,Wrigleys Extra Peppermint Gum Bottle 60 Piece
ID_1795,Parrs Toffee Apples Each
ID_1796,Nissin Wok Style Soba Noodles Teriyaki 110G
ID_1797,Tesco Coated Peanuts Pigs In Blankets 200G
ID_1798,Wrigleys Extra Peppermint Chewing Gum 3X12.6G
ID_1799,Tropicana Original Orange With Juicy Bits 900Ml
ID_1800,BelVita Breakfast Soft Bakes Apricot Filled 5 Pack 250G
ID_1801,Tesco Bourbon Creams Biscuits 296G
ID_1802,Tesco Double Gloucester Cheese 400G
ID_1803,Napolina Olive Oil 500Ml
ID_1804,Chicago Town Large Takeaway Cheese Pizza 630G
ID_1805,Tesco.Reduced Fat Houmous 211G (C)
ID_1806,Comfort Ultimate Care Heavenly Nectar Fabric Conditioner 58W 870ml
ID_1807,Andrex Classic Clean Toilet Tissue 9 Mega Rolls
ID_1808,Diet Pepsi Cola Bottle 2L
ID_1809,Warburtons Wholemeal Rolls 6 Pack
ID_1810,Schweppes Soda Water 1 Litre
ID_1811,Kurkure Naughty Tomato Sharing Bag Crisps 100g
ID_1812,Sprite 500ml
ID_1813,Pot Noodle Chicken & Mushroom Instant Noodles King Pot 114g
ID_1814,Mcvities Blissfuls Chocolate & Hazelnut 228G
ID_1815,Seriously Spreadable Original Cheese Spread 125g
ID_1816,Lindt Excellence Touch Of Sea Salt Chocolate Bar 100G
ID_1817,Carex Handwash Eucalyptus 250Ml Plus 100% Extra Free
ID_1818,Mcvities Blissfuls Chocolate & Caramel 228G
ID_1819,Tesco Free From Green Pesto 190G
ID_1820,Tesco Organic Carrots 500G
ID_1821,Kent Whole Cucumber Each
ID_1822,Fanta Zero Orange 8x330ml
ID_1823,Fairy Platinum Quick Wash Washing Up Liquid 820ml
ID_1824,Spontex Washups Mosaik Scourer 2 Pack
ID_1825,Bonta Divina Tiramisu 2X90g
ID_1826,Bonta Divina Tiramisu 500G
ID_1827,Cadbury Dairy Milk Whole Nut Chocolate Bar 180G
ID_1828,Lenor Fabric Conditioner Ocean Escape 50 Washes 1.75L
ID_1829,Tesco Spring Onion Trimmed 165G
ID_1830,Durex Originals Extra Safe Condoms Regular Fit 6 Pack
ID_1831,Onken Mango & Passion Fruit Yogurt 450G
ID_1832,Tesco Pineapple Each (C)
ID_1833,Heinz Top Down Squeezy Tomato Ketchup Sauce 700G
ID_1834,BelVita Breakfast Soft Bakes Chocolate Chip 5 Pack 250G
ID_1835,Tesco Bbq Flavoured Coated Peanuts 200G
ID_1836,Gillette Fusion 5 Ultra Sensitive Shaving Gel 200Ml
ID_1837,Red Bull Sugar Free Energy Drink 4 X 250Ml
ID_1838,Twix Biscuit 9X23g
ID_1839,Tesco Passata With Garlic & Herb 500G
ID_1840,Naked Noodle Hoi Sin 78G
ID_1841,Head & Shoulders 2 In 1 Classic Clean Shampoo & Conditioner 225ml
ID_1842,Tesco Luxury Soft Coconut Oil X4
ID_1843,Mcvities Dark Chocolate Digestive 266G
ID_1844,Tesco Fig Roll Biscuits 200G
ID_1845,Quaker Oatso Syrp+1Free Sachet Chocolate Flavour392.
ID_1846,Tesco Malted Milk Biscuits 200G
ID_1847,Mcvities Milk Chocolate Digestives 400G
ID_1848,Tesco Free From Katsu Chicken Curry Rice Ready Meal 400G
ID_1849,Tesco Chilli Con Carne 392G
ID_1850,Baylis & Harding Jojoba & Silk Hand Wash 500Ml
ID_1851,Hovis Wholemeal Thick Bread 800G
ID_1852,Warburtons Pancakes 6 Pack
ID_1853,Heinz Top Down Squeezy Tomato Ketchup Sauce 570G
ID_1854,Jacobs Baked Cheddar Biscuits Cheese 150G
ID_1855,Tesco Meatballs In Tomato Sauce 395G
ID_1856,Activia Cherry No Added Sugar Fat Free Gut Health Yoghurt 4x115g
ID_1857,Maris Piper Potatoes 2Kg
ID_1858,Heinz Garlic Sauce 225G
ID_1859,Oykos Strawberry Luxury Greek Style Yoghurt Dessert 4x110g
ID_1860,Tesco Luxury Soft 12 For 9 Roll White
ID_1861,Tesco 2 Pack Steak Slices 300G
ID_1862,Tesco Chicken Liver Pate 200G
ID_1863,Philadelphia Light Garlic & Herb Plus 100 Free
ID_1864,Califia Farms Xx Espresso Cold Brew Dairy Free Coffee 750Ml
ID_1865,Kraft Light Philadelphia Soft Cheese 200G
ID_1866,Tunnocks Milk Chocolate Caramel Wafer 240G
ID_1867,COSTA EXPRESS    LARGE 
ID_1868,Snickers The Big One 100G (C)
ID_1869,Andrex Toilet Tissue 4 Roll White
ID_1870,Tesco Chocolate Eclair 4 Pack
ID_1871,Knorr Chicken Stock Cubes 8 x 10g
ID_1872,"Tesco Chicken, Bacon & Stuffing Sandwich"
ID_1873,Boursin Garlic & Herbs Soft Cheese 150g
ID_1874,Tesco Chestnut Mushroom 250G
ID_1875,Tesco Sour Cream & Chive Dip 211G
ID_1876,Tesco Sweet & Easy Peel Clementines 600g
ID_1877,Tesco Fresh Egg Custard Tarts 2 Pack
ID_1878,Bonne Maman Raspberry Conserve370g+20%
ID_1879,Whole Earth Crunchy Organic Peanut Butter 340g
ID_1880,Heinz Seriously Good Light Mayonnaise 420g
ID_1881,Tesco Cinnamon Swirl Pastry 2 Pack
ID_1882,Tesco Multiseed Batch Medium Sliced White Loaf 800g
ID_1883,Whole Earth Crunchy Peanut Butter 1Kg
ID_1884,Easy Original Thick Bleach 750Ml
ID_1885,Vanish Oxi Action 270G
ID_1886,Mr Muscle Sink & Plug Gel 500Ml +100% Free
ID_1887,Tesco Extracts Magnolia Antibacterial Handwash 500ml
ID_1888,Bright Bouquet
ID_1889,Tetley Original 120 Tea Bags 375G Plus Extra Free 40 Tea Bags
ID_1890,Tesco Red Pepper Houmous 182g
ID_1891,Tesco Finest Super Seeded Sliced Farmhouse Loaf 800g
ID_1892,Tesco Semi-Dried Roasted Vine Tomatoes 190G
ID_1893,Tesco Okra 175G (C)
ID_1894,Tesco Large White Baps 4 pack
ID_1895,Warburtons Wholemeal Medium Sliced Bread 800g
ID_1896,Tesco Ultra Dishwasher Capsules - Lemon 40 Pack 500g
ID_1897,Pride Coconut Milk Light 400Ml
ID_1898,Cinnamon Swirl Pastry
ID_1899,Old Speckled Hen 4 X 500Ml Cans
ID_1900,Tesco Mini White Tortilla Wraps Plain 8 Pack
ID_1901,Tesco Mini Danish Pastries Selection 5 Pack
ID_1902,Tesco Bacon & Egg Sandwich
ID_1903,Tesco Plant Chef Saag Aloo Style Wrap
ID_1904,Remedy Kombucha Raspberry Lemonade Sugar Free 250Ml
ID_1905,Tesco British Strawberries Class 1 400G
ID_1906,Tesco Blueberries 150G+50% Ex/Free
ID_1907,Tesco Free Range Eggs Medium 6 Pack
ID_1908,Tesco Olive Oil 500Ml
ID_1909,Tesco Halkidiki Olives with Slow Roasted Tomatoes 150g
ID_1910,Nightingale Farms Peppers 375G
ID_1911,Tesco E/Anglian Little Gem Lettuce 2 Pack
ID_1912,Ribena Blackcurrant Juice Drink 500ml
ID_1913,Tesco Plant Chef Meat-Free Balls 12 Pack 336g
ID_1914,Tesco Taramasalata Dip 200G
ID_1915,Southern Comfort Original Liqueur with Whiskey 70cl
ID_1916,Tesco Sweet Easy Peelers 600g
ID_1917,Colgate Premier Clean Medium Toothbrush 2 Pack
ID_1918,Tesco Ready to Eat Large Avocado Each
ID_1919,Kleenex Original Pocket Pack Tissues 6 Pack
ID_1920,Rose Bouquet
ID_1921,Tesco All Butter Pain Au Chocolat Pastry
ID_1922,Tesco All Butter Almond Croissant
ID_1923,Urban Rajah Smashed Onion Bhaji & Chickpea Buroti
ID_1924,Tenzing Natural Energy Drink - Raspberry & Yuzu 330ml
ID_1925,Tesco Deli Wholemeal Rolls 4 Pack
ID_1926,Fisherman's Friend Original Lozenges - Menthol & Eucalyptus 3 x 25g
ID_1927,Tesco Lincolnshire Cauliflower
ID_1928,Tesco Large Granny Smith Apples Class 1 Loose
ID_1929,Large Conference Pears Class 1 Loose
ID_1930,Napolina Chopped Tomatoes 400G
ID_1931,Blue Dragon Light Coconut Milk 400ml
ID_1932,The Tofoo Co. Extra Firm Organic Tofu Naked XL 450g
ID_1933,Tesco Large Garlic
ID_1934,Oxo Beef Stock Cubes 12 Pack 71g
ID_1935,Tesco Bunched Coriander 150g
ID_1936,Tesco Sardines In Tomato Sauce 120G
ID_1937,Ocean Crest Cockles In Vinegar 200G
ID_1938,Shazans Chicken Drumsticks 600G
ID_1939,Tesco Onion And Garlic Dip 200G
ID_1940,Tesco Trimmed Spring Onions 100G
ID_1941,Tesco Wholemeal Tortilla Wraps 8 pack
ID_1942,Tesco Lever Arch Assorted
ID_1943,Tesco Blueberries 250G
ID_1944,Tesco Ripe & Ready Medium Avocado
ID_1945,Tesco Jingle Brie Sandwich
ID_1946,Tenzing Natural Energy Drink - Lime & Mint 330ml
ID_1947,Mccain Smiles 567G(25% Extra)
ID_1948,Ribena Blackcurrant Squash 850ml
ID_1949,Pizza Express Sloppy Giuseppe 292G
ID_1950,John Smith's Extra Smooth Ale 10 x 440ml
ID_1951,Tesco Finest Dine In Tart Au Citron 150g
ID_1952,TESCO FINEST PEACH MELODY
ID_1953,Carte D'or Madagascan Vanilla Light Ice Cream Tub 900ml
ID_1954,Tesco Finest Sticky Toffee Pudding 400g
ID_1955,Seasonal Chrysanthemums
ID_1956,Rustlers The Essential Cheese Burger 172g
ID_1957,Ruby Fountain T
ID_1958,Tesco Halloumi With Chilli 225G
ID_1959,Tesco Pink Lady Apples 5 Pack
ID_1960,Tesco English Salted Butter 250g
ID_1961,Tesco Caramelised Onion Houmous 230G (C)
ID_1962,Tetley Decaffeinated 80 Teabags 250G
ID_1963,Tesco Cauliflower Each
ID_1964,Sensations Mature Cheddar & Chilli Chutney Flavour Potato Crisps 150g
ID_1965,Tesco Wholefoods Roasted Monkey Nuts 250G (C)
ID_1966,Maille Wholegrain Mustard 210G
ID_1967,Tesco Parsnips 500G
ID_1968,Bisto Reduced Salt Gravy Granules 190G
ID_1969,Pizza Express Margherita Pizza 245G
ID_1970,Elmlea Double Alternative To Cream 270Ml
ID_1971,Heinz Turkish Style Garlic Sauce 420G
ID_1972,Nescafe Original Instant Coffee 100g
ID_1973,T East Anglian Baby Plum Tomato 325G (C)
ID_1974,Birds Eye Petits Pois 545g
ID_1975,Tesco Black Peppercorn Grinder 50G
ID_1976,Tesco British Whole Chicken 1.35-1.55Kg
ID_1977,Paxo Sage & Onion Stuffing Mix 170G
ID_1978,Persil Bio 3 in 1 Laundry Washing Detergent Capsules 36 Washes 759.6g
ID_1979,Tesco Ripe & Ready Avocados Twin Pack
ID_1980,Tesco Mushroom Stir Fry 320g
ID_1981,Ramona's Original Heavenly Houmous 250g
ID_1982,Tesco All Rounder Potatoes 1.25kg 
ID_1983,Oxo Chicken Stock Cubes 12 Pack 71g
ID_1984,Tesco Curled Leaf Parsley 30g
ID_1985,Ribena Blackcurrant Juice Drink No Added Sugar 500ml
ID_1986,Walkers Baked Cheese & Onion 37.5G
ID_1987,Yorkie Raisin & Biscuit Chocolate Bar 53G
ID_1988,Lancashire Farm Fat Free Natural Yogurt 1kg
ID_1989,Cruzcampo Sevilla Lager Beer 4X440ml
ID_1990,Hobgoblin Session IPA Ale Beer 4 x 440ml 
ID_1991,Tesco 24 Chicken Poppers 240G
ID_1992,Tesco Caramelised Onion Houmous 182g (C)
ID_1993,Tesco British Blue Stilton Cheese 220 G
ID_1994,Tesco Plant Chef Carrot & Houmous 100G
ID_1995,Hovis Seed Sensations Seven Seeds Sliced Bread 800g
ID_1996,Dr.Oetker Baking Powder Tub 170G
ID_1997,Tesco Strawberry 600G (C)
ID_1998,Tesco Madagascan Vanilla Extract 60ml
ID_1999,Warburtons Tiger Bread Bloomer 600g
ID_2000,Tesco Mango Chutney 230G
ID_2001,Tesco Finest Salsiccia Picante With Hot Honey Pizza 400G
ID_2002,Simon Howie Black Pudding 240G (L)
ID_2003,Tesco Smoked Back Bacon 8'S 250 G Promo
ID_2004,Franco Manca Fennel Sausage Red Pepper & Mozzarella Pizza 480G
ID_2005,Hearty Food Co Garlic Baguettes 340g
ID_2006,Tesco Free Range Eggs Very Large 6 Pack
ID_2007,Kellogg's All Bran Cereal 750G
ID_2008,Cathedral City Mature Cheddar 600G
ID_2009,Tesco Scotch Bonnet Chillies 50G
ID_2010,Tesco Finest Spicy Garlic King Prawn Pizza 450G
ID_2011,Tesco Bird Eye Chillies 25G
ID_2012,Tesco London Dry Gin 70cl
ID_2013,Tesco Salted Roasted Cashews 150g
ID_2014,Tesco Pickled Red Cabbage 335G
ID_2015,Tesco Wholemeal Pitta Bread 6 Pack Classic
ID_2016,Tesco Health Ibuprofen 200mg Pain Relief Tablets 16s
ID_2017,Tesco Granny Smith Apple 6 Pack
ID_2018,Colgate Advanced White Charcoal Toothpaste 75ml
ID_2019,Mitchum Ice Fresh Roll On100ml
ID_2020,Tesco 100% Pure Orange Juice Smooth 330Ml
ID_2021,Tesco Hey Pesto Chicken & Mozzarella Sandwich
ID_2022,Mccoy's Thai Sweet Chicken Grab Bag Crisps 45G
ID_2023,Harry Brompton's Peach Iced Tea 500ml
ID_2024,Tesco Sweet & Crunchy Salad 250G
ID_2025,Tesco Pepper Stir Fry 320g EXP
ID_2026,Wilkinson Sword Xtreme 111 Razors 4Pk+4Free
ID_2027,Boddingtons Draught Bitter Beer Cans 4 x 440ml
ID_2028,Get More Vitamin D Still Water Mango & Passionfruit Drink 500ml
ID_2029,Kettle Lightly Salted Potato Chips 40g
ID_2030,Tenzing Natural Energy Pineapple & Passion Fruit 330Ml
ID_2031,Richmond Thick Pork Sausages 12 Pack 615g
ID_2032,UNLEADED  
ID_2033,Tesco Plain White Tortilla Wraps 8 Pack
ID_2034,Tesco Mozzarella & Cheese Mix 200g
ID_2035,All Shook Up Passion Fruit Martini 250ml
ID_2036,Warburtons Thin Plain Bagels 6 Pack
ID_2037,Eastman's Hot & Spicy Sliced Chicken 240G
ID_2038,Warburtons Cinnamon & Raisin Bagels Sliced 5 Pack
ID_2039,Primula Cheese & Ham Tube 140G
ID_2040,Warburtons Thin Sliced Seeded Protein Bagels 4 Pack
ID_2041,Primula Cheese & Chive Tube 140G
ID_2042,Tesco Smoked Prosciutto & Salami Plat 200G
ID_2043,Bridge Valley Cooked Turkey Trim 400G
ID_2044,Tesco British 10 Smoked Back Bacon Rashers 300G
ID_2045,XL Loose Avocado (Each)
ID_2046,Tesco Cold Water Prawns 150G
ID_2047,Ribena Blackcurrant Squash 1.5L
ID_2048,Tesco Baking Potatoes 4 Pack
ID_2049,Romaine Lettuce Hearts 2 Pack
ID_2050,Sun Hee Kimchi - Spicy Fermented Cabbage 190g
ID_2051,Tesco Granny Smith Apples 5 Pack
ID_2052,Tuna & Sweetcorn Sandwich
ID_2053,Birra Moretti Premium Lager Beer 6 x 330ml
ID_2054,Tesco Ready To Eat Seasonal Pears 4Pack 550G
ID_2055,Tesco Mini Carrot 320G
ID_2056,Tesco Ricotta Cheese 250 G
ID_2057,Yamas Authentic Greek Feta Pdo 150G
ID_2058,Tesco Hot Deli Breaded Chicken Bites 8 For 1.50
ID_2059,Tesco Finest Triple Belgian Chocolate Cookies 4 Pack
ID_2060,Fish Counter Finest Traditional Smoked Salmon Fillet
ID_2061,Tesco British Sliced Pork Liver
ID_2062,Biotiful Gut Health Kefir Drink Original 500ml
ID_2063,All Shook Up Peach & Lychee White Wine Spritz 250ml
ID_2064,Tesco Wessex Watercress 85G Price Marked
ID_2065,Jordans Natural Muesli 850G
ID_2066,Kingfisher Crab Meat Jumbo 145g
ID_2067,Jason's Recipe No 08 White Sourdough Ciabattin Bread 580g
ID_2068,McCain Potato Hash Browns 625G
ID_2069,St.Ewe Rich Yolk Free Range Eggs 6 Pack
ID_2070,Lurpak Butter - Slightly Salted 200g
ID_2071,John Smith's Extra Smooth 4X440Ml Cans
ID_2072,Tesco Roast Chicken Drumsticks 430G
ID_2073,Baileys Original Irish Cream Liqueur Bottle 17% Vol 1L
ID_2074,Tesco British Turkey Burgers 4 Pack 454g
ID_2075,Cadbury Mini Eggs Chocolate Eggs Bag 80G
ID_2076,Tesco Core Ripen At Home Plum 400G (C)
ID_2077,Tesco 2 Boneless Cod Fillets 280G
ID_2078,Tesco Finest Jacket Potatoes 4 Pack
ID_2079,Gu Cheesecake - Salted Caramel 2 x 92g
ID_2080,Tesco High Fibre Wholemeal Sliced Loaf Bread 800g
ID_2081,Campo Viejo Rioja Blanco 750ml
ID_2082,Tesco Wholemeal Medium Sliced Bread 800g
ID_2083,Flora Pure Sunflower Oil 1Lt Plus 25%
ID_2084,Warburtons Thick Sliced Seeded Batch Bread 800g
ID_2085,Alpro Almond No Sugar Chilled Dairy Free Drink 1L
ID_2086,Twinings 40 Earl Grey T Bags 100G
ID_2087,Magnum Classic Ice Cream Sticks 3x100ml
ID_2088,Tesco Express Raw King Prawns 165G
ID_2089,Lindt Advent Calendar 160G
ID_2090,Reese's Peanut Butter Advent Calendar 245g
ID_2091,Warburtons Toasting Breakfast Muffins 4 Pack
ID_2092,Tesco Perfectly Ripe Avocados Twin Pack
ID_2093,WoodFarm Free Range Eggs 6 Large
ID_2094,Tesco Iceberg Lettuce Each
ID_2095,Tesco Jerk Chicken Jamaican Style Sandwich
ID_2096,Oreo Vanilla 154G
ID_2097,Doritos Cool Original 225G
ID_2098,Napolina Extra Virgin Olive Oil 500Ml
ID_2099,Tesco Vegetable Samosas 4 Pack 216g
ID_2100,Tesco Maple & Pecan Plait Pastry
ID_2101,Tesco Chicken Caesar Wrap
ID_2102,Tesco Mackerel in Sunflower Oil 125g
ID_2103,Tesco Ploughmans Sandwich
ID_2104,"Tesco Apple, Mango Strawberry And Raspberry 210G"
ID_2105,HP Brown Sauce 450g
ID_2106,Dina Paninette 5 Large Traditional Lebanese White Bread Wraps
ID_2107,St Helen's Fresh Semi Skimmed Goats Milk 1 Litre
ID_2108,Doritos Tangy Cheese 250G
ID_2109,Tesco 2 Boneless Salmon Fillets 240G
ID_2110,Tesco 400G Plus 50% Extra Free (C) (W)
ID_2111,Tropicana Smooth Orange Juice 300ml
ID_2112,Tesco Ho-Ho-Hog Wrap
ID_2113,Loctite Liq.Superglue 3G And From Glueremover
ID_2114,Harry Brompton's Lemon & Lime Iced Tea 500ml
ID_2115,Tesco Health Allergy & Hayfever Relief Cetirizine Tablets 14s
ID_2116,John Smiths Extra Smooth 18X440ml Cans
ID_2117,Tesco Ready Rolled Puff Pastry 320G
ID_2118,Tesco Soft Cheese Plain Full Fat 200G
ID_2119,Tesco Sage & Onion Stuffing Mix 170G
ID_2120,Tesco Smoked Salmon 150g
ID_2121,Tesco 12 Yorkshire Puddings 220G
ID_2122,4.00 Minimum Basket Charge Tesco.Com Groceries
ID_2123,Tesco British Large Chicken 2.0Kg - 2.4Kg
ID_2124,Tesco Abominable Snowman Mini Crackers 6pk
ID_2125,Delivery Service Charge
ID_2126,Schwartz Luxury Bread Sauce 40G
ID_2127,Creamfields Single Cream 300Ml
ID_2128,Walkers Sensations Crisps - Thai Sweet Chilli 150g
ID_2129,Cecile's Cuisine 16 Cocktail Blinis 135G
ID_2130,Tesco Pink Candy Stripe 12 Candles & Holde
ID_2131,Ocean Spray Whole Cranberry Sauce 200g
ID_2132,Yazoo Chocolate Milk Drink 400ml
ID_2133,Tesco Pulled Beef & Red Leicester Sandwich
ID_2134,Tesco White English Muffins 4 Pack
ID_2135,Tesco Ashbrook Mountain Spring Water 5L
ID_2136,Tesco Sticky Chicken Kebabs 10 Pack 180g
ID_2137,Don Simon Mango Passionfruit Orange Smoothie 330ml
ID_2138,Tesco Melton Mowbray Pork Pie 145g
ID_2139,Pilgrims Choice Extra Mature 350G
ID_2140,Tesco Mini Savoury Eggs 12 Pack 240g
ID_2141,Tesco Chicken Tikka & Mango Chutney Sandwich
ID_2142,Tesco Maris Piper Potatoes 1.25Kg
ID_2143,"Fox's Rocky Caramel Milk Chocolate Biscuit Bars Multipack, 7 Pack 136.5g"
ID_2144,Nytol Herbal Sleep Aid Tablets 30s
ID_2145,Tesco Sticky Toffee Puddings 2 Pack 235g
ID_2146,Finest Fleur Bouquet
ID_2147,Dove Women Classic 48h Antiperspirant Deodorant 200ml
ID_2148,Kleenex XL Tissues Compact Twin Box 44 Sheets
ID_2149,Tesco Coleslaw 300G
ID_2150,Dove Men+Care Clean Comfort 48h Antiperspirant Deodorant Stick 50ml
ID_2151,Tesco Green Tea 20 Pack 50g
ID_2152,Nature Valley Crunchy Oats & Honey 42g
ID_2153,Carte D'or Madagascan Vanilla Ice Cream Tub 900ml
ID_2154,Ben & Jerry's Phish Food Chocolate & Marshmallow Ice Cream Tub 465ml
ID_2155,Robertsons Golden Shredless Marmalade 454G
ID_2156,Quality Street Chocolate Tub 600G
ID_2157,Twinings Green Tea 20 Tea Bags 50G
ID_2158,Perfect Ted Matcha Green Tea Apple & Raspberry 250Ml
ID_2159,Lindt Lindor Milk Chocolate Truffles Box 200g
ID_2160,Magnum Utopia Double Hazelnut 3 x 85ml
